Symbol,Sector
FEAM,Basic Materials
ASIX,Basic Materials
AEM,Basic Materials
APD,Basic Materials
AGI,Basic Materials
ALB,Basic Materials
AA,Basic Materials
AXU,Basic Materials
ASTL,Basic Materials
AAU,Basic Materials
AMR,Basic Materials
ALTO,Basic Materials
ACH,Basic Materials
AREC,Basic Materials
AVD,Basic Materials
USAS,Basic Materials
AMRS,Basic Materials
AU,Basic Materials
RKDA,Basic Materials
MT,Basic Materials
ASH,Basic Materials
AUST,Basic Materials
AVTR,Basic Materials
AVNT,Basic Materials
ASM,Basic Materials
AXTA,Basic Materials
BTG,Basic Materials
BCPC,Basic Materials
GOLD,Basic Materials
BHIL,Basic Materials
BHP,Basic Materials
BIOX,Basic Materials
BCC,Basic Materials
BAK,Basic Materials
CBT,Basic Materials
CMCL,Basic Materials
CE,Basic Materials
CPAC,Basic Materials
CX,Basic Materials
CGAU,Basic Materials
CENX,Basic Materials
CF,Basic Materials
CCF,Basic Materials
CLW,Basic Materials
CLF,Basic Materials
CDE,Basic Materials
CMC,Basic Materials
SID,Basic Materials
BVN,Basic Materials
CMP,Basic Materials
CSTM,Basic Materials
CMT,Basic Materials
CTVA,Basic Materials
CRH,Basic Materials
CRKN,Basic Materials
DNMR,Basic Materials
DOW,Basic Materials
DRD,Basic Materials
DD,Basic Materials
EXP,Basic Materials
EMN,Basic Materials
ECL,Basic Materials
ECVT,Basic Materials
EGO,Basic Materials
ELBM,Basic Materials
ESI,Basic Materials
EMX,Basic Materials
EXK,Basic Materials
EVA,Basic Materials
EQX,Basic Materials
ERO,Basic Materials
GSM,Basic Materials
AG,Basic Materials
FMC,Basic Materials
FSM,Basic Materials
FNV,Basic Materials
FCX,Basic Materials
FRD,Basic Materials
FURY,Basic Materials
FF,Basic Materials
GAU,Basic Materials
GATO,Basic Materials
GCP,Basic Materials
GGB,Basic Materials
GEVO,Basic Materials
AUMN,Basic Materials
GFI,Basic Materials
GLDG,Basic Materials
GORO,Basic Materials
GROY,Basic Materials
GSV,Basic Materials
GPL,Basic Materials
GPRE,Basic Materials
GURE,Basic Materials
HMY,Basic Materials
HWKN,Basic Materials
FUL,Basic Materials
HL,Basic Materials
HUDI,Basic Materials
HBM,Basic Materials
HDSN,Basic Materials
HUN,Basic Materials
HYMC,Basic Materials
IAUX,Basic Materials
IAG,Basic Materials
NGVT,Basic Materials
IOSP,Basic Materials
ITRG,Basic Materials
IFF,Basic Materials
IPI,Basic Materials
ICL,Basic Materials
JHX,Basic Materials
JCTCF,Basic Materials
KALU,Basic Materials
KGC,Basic Materials
KOP,Basic Materials
KRO,Basic Materials
LGO,Basic Materials
LWLG,Basic Materials
LIN,Basic Materials
LAC,Basic Materials
LTHM,Basic Materials
LOMA,Basic Materials
LOOP,Basic Materials
LXU,Basic Materials
LYB,Basic Materials
MAG,Basic Materials
MBII,Basic Materials
MLM,Basic Materials
MTRN,Basic Materials
MMX,Basic Materials
MUX,Basic Materials
MERC,Basic Materials
MSB,Basic Materials
MTA,Basic Materials
MEOH,Basic Materials
MTX,Basic Materials
MP,Basic Materials
NP,Basic Materials
NFGC,Basic Materials
NGD,Basic Materials
NEU,Basic Materials
NEM,Basic Materials
NEWP,Basic Materials
NEXA,Basic Materials
NAK,Basic Materials
NTIC,Basic Materials
NMG,Basic Materials
NG,Basic Materials
NUE,Basic Materials
NTR,Basic Materials
ODC,Basic Materials
OLN,Basic Materials
ZEUS,Basic Materials
SEED,Basic Materials
ORGN,Basic Materials
OEC,Basic Materials
ORLA,Basic Materials
ODV,Basic Materials
OR,Basic Materials
PAAS,Basic Materials
PZG,Basic Materials
PRM,Basic Materials
PPTA,Basic Materials
GLT,Basic Materials
PLL,Basic Materials
PDO,Basic Materials
PLG,Basic Materials
PLM,Basic Materials
PKX,Basic Materials
PPG,Basic Materials
KWR,Basic Materials
METC,Basic Materials
RYAM,Basic Materials
RS,Basic Materials
RFP,Basic Materials
RETO,Basic Materials
REX,Basic Materials
RIO,Basic Materials
RGLD,Basic Materials
RPM,Basic Materials
SAND,Basic Materials
SSL,Basic Materials
SCHN,Basic Materials
SWM,Basic Materials
SA,Basic Materials
SXT,Basic Materials
SBSW,Basic Materials
SMTS,Basic Materials
SGML,Basic Materials
SVM,Basic Materials
SILV,Basic Materials
SKE,Basic Materials
SMID,Basic Materials
LITM,Basic Materials
SQM,Basic Materials
SCCO,Basic Materials
SSRM,Basic Materials
SLI,Basic Materials
STLD,Basic Materials
SCL,Basic Materials
SUM,Basic Materials
SXC,Basic Materials
SUZ,Basic Materials
SLVM,Basic Materials
SYNL,Basic Materials
TRX,Basic Materials
TGB,Basic Materials
TECK,Basic Materials
TGLS,Basic Materials
TX,Basic Materials
CC,Basic Materials
MOS,Basic Materials
SMG,Basic Materials
SHW,Basic Materials
TMST,Basic Materials
TMC,Basic Materials
TREC,Basic Materials
TMQ,Basic Materials
TSE,Basic Materials
TROX,Basic Materials
TRQ,Basic Materials
UAMY,Basic Materials
USLM,Basic Materials
X,Basic Materials
UNVR,Basic Materials
UFPI,Basic Materials
USAU,Basic Materials
VALE,Basic Materials
VHI,Basic Materials
VNTR,Basic Materials
VZLA,Basic Materials
VMC,Basic Materials
HCC,Basic Materials
WDFC,Basic Materials
WRN,Basic Materials
WFG,Basic Materials
WLK,Basic Materials
WWR,Basic Materials
WPM,Basic Materials
AUY,Basic Materials
YTEN,Basic Materials
ZY,Basic Materials
ATVI,Communication Services
ATY,Communication Services
ADTH,Communication Services
ADV,Communication Services
MIMO,Communication Services
GOOG,Communication Services
GOOGL,Communication Services
ATUS,Communication Services
AMC,Communication Services
AMCX,Communication Services
AMX,Communication Services
ANGH,Communication Services
ANGI,Communication Services
ATEX,Communication Services
AREN,Communication Services
ASTS,Communication Services
ATNI,Communication Services
T,Communication Services
AUD,Communication Services
ATHM,Communication Services
AUTO,Communication Services
AVID,Communication Services
BIDU,Communication Services
BCE,Communication Services
BODY,Communication Services
BBGI,Communication Services
BILI,Communication Services
BLCT,Communication Services
BOC,Communication Services
BOWL,Communication Services
BZFD,Communication Services
CABO,Communication Services
CDLX,Communication Services
CARG,Communication Services
LUMN,Communication Services
CHTR,Communication Services
CMCM,Communication Services
CSSE,Communication Services
CNET,Communication Services
CHT,Communication Services
CMPR,Communication Services
CIDM,Communication Services
CNK,Communication Services
CCO,Communication Services
CCOI,Communication Services
CSCW,Communication Services
CMCSA,Communication Services
SCOR,Communication Services
COMS,Communication Services
CNSL,Communication Services
CRTD,Communication Services
CXDO,Communication Services
CRTO,Communication Services
CMLS,Communication Services
CURI,Communication Services
PLAY,Communication Services
DLX,Communication Services
DMS,Communication Services
DRCT,Communication Services
DISH,Communication Services
DLPN,Communication Services
DASH,Communication Services
DOYU,Communication Services
EDUC,Communication Services
EA,Communication Services
EEX,Communication Services
EDR,Communication Services
EGLX,Communication Services
EVC,Communication Services
EMWP,Communication Services
EVER,Communication Services
FNGR,Communication Services
FVRR,Communication Services
FLNT,Communication Services
FWONK,Communication Services
FWONA,Communication Services
FOX,Communication Services
FOXA,Communication Services
FYBR,Communication Services
FUBO,Communication Services
BHAT,Communication Services
GAIA,Communication Services
GCI,Communication Services
GNUS,Communication Services
GENI,Communication Services
GSAT,Communication Services
GOGO,Communication Services
GMGI,Communication Services
GRVY,Communication Services
GTN.A,Communication Services
GTN,Communication Services
GRPN,Communication Services
TV,Communication Services
HOFV,Communication Services
HHS,Communication Services
HMTV,Communication Services
HUYA,Communication Services
IAC,Communication Services
ICLK,Communication Services
IDT,Communication Services
IHRT,Communication Services
IHS,Communication Services
IMAX,Communication Services
CTV,Communication Services
ISIG,Communication Services
IAS,Communication Services
IDCC,Communication Services
INUV,Communication Services
IQ,Communication Services
IRDM,Communication Services
IZEA,Communication Services
WLY,Communication Services
KORE,Communication Services
KT,Communication Services
KUKE,Communication Services
LEE,Communication Services
LBRDK,Communication Services
LBRDA,Communication Services
LBTYA,Communication Services
LBTYK,Communication Services
LILA,Communication Services
LILAK,Communication Services
LTRPA,Communication Services
LGF.A,Communication Services
LGF.B,Communication Services
LYV,Communication Services
LVO,Communication Services
LIZI,Communication Services
LCFY,Communication Services
LKCO,Communication Services
MSGE,Communication Services
MSGS,Communication Services
MGNI,Communication Services
MANU,Communication Services
MCHX,Communication Services
MTCH,Communication Services
MAX,Communication Services
META,Communication Services
TIGO,Communication Services
MOBQ,Communication Services
MOMO,Communication Services
MSGM,Communication Services
NCMI,Communication Services
NTES,Communication Services
NFLX,Communication Services
NWSA,Communication Services
NWS,Communication Services
NXST,Communication Services
KIND,Communication Services
NN,Communication Services
OMC,Communication Services
OOMA,Communication Services
OPRA,Communication Services
ORAN,Communication Services
OB,Communication Services
PARAA,Communication Services
PARA,Communication Services
PSO,Communication Services
PERI,Communication Services
TLK,Communication Services
FENG,Communication Services
PINS,Communication Services
MYPS,Communication Services
PLTK,Communication Services
PHI,Communication Services
PCOM,Communication Services
QTEK,Communication Services
QNST,Communication Services
QUOT,Communication Services
RDCM,Communication Services
RADI,Communication Services
RDIB,Communication Services
RNWK,Communication Services
RDBX,Communication Services
RELX,Communication Services
RSVR,Communication Services
RBBN,Communication Services
RBLX,Communication Services
RCI,Communication Services
ROKU,Communication Services
SGA,Communication Services
SALM,Communication Services
SCHL,Communication Services
SCPL,Communication Services
SJR,Communication Services
SHEN,Communication Services
SSTK,Communication Services
SIFY,Communication Services
SMWB,Communication Services
SBGI,Communication Services
SIRI,Communication Services
SKLZ,Communication Services
SKM,Communication Services
SNAP,Communication Services
SOHU,Communication Services
SPOT,Communication Services
SRAX,Communication Services
STGW,Communication Services
STRY,Communication Services
STRN,Communication Services
SLGG,Communication Services
TBLA,Communication Services
TTWO,Communication Services
TTGT,Communication Services
TGNA,Communication Services
TEO,Communication Services
VIV,Communication Services
TEF,Communication Services
TDS,Communication Services
TU,Communication Services
TME,Communication Services
NCTY,Communication Services
SSP,Communication Services
IPG,Communication Services
BATRK,Communication Services
BATRA,Communication Services
LSXMA,Communication Services
LSXMK,Communication Services
MCS,Communication Services
NYT,Communication Services
DIS,Communication Services
THRY,Communication Services
TIMB,Communication Services
TMUS,Communication Services
TSQ,Communication Services
TZOO,Communication Services
TRMR,Communication Services
TRVG,Communication Services
TRKA,Communication Services
TRUE,Communication Services
TKC,Communication Services
TWLO,Communication Services
TWTR,Communication Services
UCL,Communication Services
USM,Communication Services
UONEK,Communication Services
UONE,Communication Services
UXIN,Communication Services
VZ,Communication Services
VS,Communication Services
SEAT,Communication Services
VOD,Communication Services
VG,Communication Services
WBD,Communication Services
WMG,Communication Services
WB,Communication Services
WOW,Communication Services
WIMI,Communication Services
WWE,Communication Services
WPP,Communication Services
XNET,Communication Services
YELP,Communication Services
YY,Communication Services
ZDGE,Communication Services
ZH,Communication Services
ZD,Communication Services
ZG,Communication Services
Z,Communication Services
FLWS,Consumer Cyclical
GOED,Consumer Cyclical
DIBS,Consumer Cyclical
AAN,Consumer Cyclical
ANF,Consumer Cyclical
ASO,Consumer Cyclical
ACEL,Consumer Cyclical
GOLF,Consumer Cyclical
ADNT,Consumer Cyclical
AAP,Consumer Cyclical
AEVA,Consumer Cyclical
LIDR,Consumer Cyclical
RERE,Consumer Cyclical
ABNB,Consumer Cyclical
AKA,Consumer Cyclical
AIN,Consumer Cyclical
BABA,Consumer Cyclical
BIRD,Consumer Cyclical
ALLG,Consumer Cyclical
ALSN,Consumer Cyclical
AMZN,Consumer Cyclical
AMCR,Consumer Cyclical
AXL,Consumer Cyclical
AEO,Consumer Cyclical
AOUT,Consumer Cyclical
AMWD,Consumer Cyclical
CRMT,Consumer Cyclical
AUVI,Consumer Cyclical
APTV,Consumer Cyclical
FUV,Consumer Cyclical
ARCO,Consumer Cyclical
AMBP,Consumer Cyclical
ARHS,Consumer Cyclical
ARKO,Consumer Cyclical
ARKR,Consumer Cyclical
ARVL,Consumer Cyclical
ABG,Consumer Cyclical
ATER,Consumer Cyclical
ALV,Consumer Cyclical
AN,Consumer Cyclical
AZO,Consumer Cyclical
BTN,Consumer Cyclical
BALL,Consumer Cyclical
BALY,Consumer Cyclical
BZUN,Consumer Cyclical
BNED,Consumer Cyclical
BSET,Consumer Cyclical
BBWI,Consumer Cyclical
BBQ,Consumer Cyclical
BZH,Consumer Cyclical
BBBY,Consumer Cyclical
BERY,Consumer Cyclical
BBY,Consumer Cyclical
BWMX,Consumer Cyclical
BGFV,Consumer Cyclical
BH,Consumer Cyclical
BGI,Consumer Cyclical
BTB,Consumer Cyclical
BJRI,Consumer Cyclical
BLMN,Consumer Cyclical
APRN,Consumer Cyclical
BLBD,Consumer Cyclical
BVH,Consumer Cyclical
BKNG,Consumer Cyclical
BOOT,Consumer Cyclical
BQ,Consumer Cyclical
BWA,Consumer Cyclical
BOXD,Consumer Cyclical
BYD,Consumer Cyclical
BFAM,Consumer Cyclical
BRLT,Consumer Cyclical
EAT,Consumer Cyclical
DOOO,Consumer Cyclical
BC,Consumer Cyclical
BBW,Consumer Cyclical
BFI,Consumer Cyclical
BURL,Consumer Cyclical
CZR,Consumer Cyclical
CAL,Consumer Cyclical
ELY,Consumer Cyclical
CWH,Consumer Cyclical
GOOS,Consumer Cyclical
CNNE,Consumer Cyclical
GOEV,Consumer Cyclical
CPHC,Consumer Cyclical
CPRI,Consumer Cyclical
LOTZ,Consumer Cyclical
KMX,Consumer Cyclical
CCL,Consumer Cyclical
CUK,Consumer Cyclical
CSV,Consumer Cyclical
TAST,Consumer Cyclical
CARS,Consumer Cyclical
CRI,Consumer Cyclical
CVNA,Consumer Cyclical
CASY,Consumer Cyclical
CVCO,Consumer Cyclical
FUN,Consumer Cyclical
CENN,Consumer Cyclical
CNTY,Consumer Cyclical
CCS,Consumer Cyclical
CHPT,Consumer Cyclical
CTHR,Consumer Cyclical
CHWY,Consumer Cyclical
CHS,Consumer Cyclical
CAAS,Consumer Cyclical
CMG,Consumer Cyclical
CHH,Consumer Cyclical
CHDN,Consumer Cyclical
CHUY,Consumer Cyclical
CTRN,Consumer Cyclical
CLAR,Consumer Cyclical
COLM,Consumer Cyclical
CVGI,Consumer Cyclical
CBD,Consumer Cyclical
CONN,Consumer Cyclical
WISH,Consumer Cyclical
CPS,Consumer Cyclical
CPRT,Consumer Cyclical
CPNG,Consumer Cyclical
CBRL,Consumer Cyclical
CROX,Consumer Cyclical
CRWS,Consumer Cyclical
CCK,Consumer Cyclical
CTIB,Consumer Cyclical
CULP,Consumer Cyclical
DADA,Consumer Cyclical
DAN,Consumer Cyclical
DRI,Consumer Cyclical
DECK,Consumer Cyclical
DLA,Consumer Cyclical
DENN,Consumer Cyclical
DBI,Consumer Cyclical
DESP,Consumer Cyclical
DXLG,Consumer Cyclical
DKS,Consumer Cyclical
DBGI,Consumer Cyclical
DDS,Consumer Cyclical
DIN,Consumer Cyclical
DSEY,Consumer Cyclical
HEPS,Consumer Cyclical
DSS,Consumer Cyclical
DPZ,Consumer Cyclical
DORM,Consumer Cyclical
PLOW,Consumer Cyclical
DKNG,Consumer Cyclical
DFH,Consumer Cyclical
DHI,Consumer Cyclical
DRVN,Consumer Cyclical
DS,Consumer Cyclical
DLTH,Consumer Cyclical
BROS,Consumer Cyclical
EBAY,Consumer Cyclical
EJH,Consumer Cyclical
SOLO,Consumer Cyclical
LOCO,Consumer Cyclical
ELYS,Consumer Cyclical
EFOI,Consumer Cyclical
ENJY,Consumer Cyclical
ELA,Consumer Cyclical
ZGN,Consumer Cyclical
ESCA,Consumer Cyclical
GMBL,Consumer Cyclical
EBET,Consumer Cyclical
ETD,Consumer Cyclical
ETSY,Consumer Cyclical
EVRI,Consumer Cyclical
EVGO,Consumer Cyclical
EXPE,Consumer Cyclical
EXPR,Consumer Cyclical
FXLV,Consumer Cyclical
FFIE,Consumer Cyclical
FTCH,Consumer Cyclical
FAT,Consumer Cyclical
RACE,Consumer Cyclical
FGI,Consumer Cyclical
FRGI,Consumer Cyclical
FIGS,Consumer Cyclical
FWRG,Consumer Cyclical
FSR,Consumer Cyclical
FIVE,Consumer Cyclical
BDL,Consumer Cyclical
FLXS,Consumer Cyclical
FND,Consumer Cyclical
FL,Consumer Cyclical
F,Consumer Cyclical
FRSX,Consumer Cyclical
FOSL,Consumer Cyclical
FOXF,Consumer Cyclical
FRG,Consumer Cyclical
FTDR,Consumer Cyclical
FLL,Consumer Cyclical
FNKO,Consumer Cyclical
FFHL,Consumer Cyclical
GAMB,Consumer Cyclical
GME,Consumer Cyclical
GAN,Consumer Cyclical
GTX,Consumer Cyclical
GM,Consumer Cyclical
GCO,Consumer Cyclical
GNTX,Consumer Cyclical
THRM,Consumer Cyclical
GPC,Consumer Cyclical
GIII,Consumer Cyclical
GIL,Consumer Cyclical
GLBE,Consumer Cyclical
GGR,Consumer Cyclical
GDEN,Consumer Cyclical
GTIM,Consumer Cyclical
GPK,Consumer Cyclical
GRBK,Consumer Cyclical
GP,Consumer Cyclical
GHG,Consumer Cyclical
GEF.B,Consumer Cyclical
GEF,Consumer Cyclical
GPI,Consumer Cyclical
GRWG,Consumer Cyclical
GES,Consumer Cyclical
HBB,Consumer Cyclical
HBI,Consumer Cyclical
HOG,Consumer Cyclical
HAS,Consumer Cyclical
HVT,Consumer Cyclical
HLBZ,Consumer Cyclical
HIBB,Consumer Cyclical
HGV,Consumer Cyclical
HLT,Consumer Cyclical
HLLY,Consumer Cyclical
HMC,Consumer Cyclical
HNST,Consumer Cyclical
HOFT,Consumer Cyclical
HZN,Consumer Cyclical
HOUR,Consumer Cyclical
HOV,Consumer Cyclical
HRB,Consumer Cyclical
HTHT,Consumer Cyclical
H,Consumer Cyclical
HYLN,Consumer Cyclical
HYZN,Consumer Cyclical
IMBI,Consumer Cyclical
INVZ,Consumer Cyclical
ISPO,Consumer Cyclical
INSE,Consumer Cyclical
IHG,Consumer Cyclical
TILE,Consumer Cyclical
IGT,Consumer Cyclical
IP,Consumer Cyclical
IPW,Consumer Cyclical
IRBT,Consumer Cyclical
JACK,Consumer Cyclical
JAKK,Consumer Cyclical
JD,Consumer Cyclical
JRSH,Consumer Cyclical
JZXN,Consumer Cyclical
JILL,Consumer Cyclical
JOAN,Consumer Cyclical
JOUT,Consumer Cyclical
JWEL,Consumer Cyclical
JMIA,Consumer Cyclical
LLL,Consumer Cyclical
KXIN,Consumer Cyclical
KNDI,Consumer Cyclical
KRT,Consumer Cyclical
KAR,Consumer Cyclical
KBH,Consumer Cyclical
PIK,Consumer Cyclical
KBAL,Consumer Cyclical
KFS,Consumer Cyclical
KIRK,Consumer Cyclical
KSS,Consumer Cyclical
KTB,Consumer Cyclical
KRUS,Consumer Cyclical
LAKE,Consumer Cyclical
LVS,Consumer Cyclical
LZB,Consumer Cyclical
LAZY,Consumer Cyclical
LCII,Consumer Cyclical
LEA,Consumer Cyclical
LEGH,Consumer Cyclical
LEG,Consumer Cyclical
LEN,Consumer Cyclical
LEN.B,Consumer Cyclical
LESL,Consumer Cyclical
LEVI,Consumer Cyclical
LGIH,Consumer Cyclical
LI,Consumer Cyclical
LCUT,Consumer Cyclical
LTH,Consumer Cyclical
LITB,Consumer Cyclical
LNW,Consumer Cyclical
LIND,Consumer Cyclical
LQDT,Consumer Cyclical
LAD,Consumer Cyclical
LIVE,Consumer Cyclical
LKQ,Consumer Cyclical
LMPX,Consumer Cyclical
RIDE,Consumer Cyclical
LTRY,Consumer Cyclical
LOW,Consumer Cyclical
LCID,Consumer Cyclical
LULU,Consumer Cyclical
LVLU,Consumer Cyclical
LL,Consumer Cyclical
LAZR,Consumer Cyclical
M,Consumer Cyclical
MGA,Consumer Cyclical
MMYT,Consumer Cyclical
MBUU,Consumer Cyclical
HZO,Consumer Cyclical
MPX,Consumer Cyclical
MAR,Consumer Cyclical
VAC,Consumer Cyclical
MCFT,Consumer Cyclical
MAT,Consumer Cyclical
MCD,Consumer Cyclical
MDC,Consumer Cyclical
MED,Consumer Cyclical
MLCO,Consumer Cyclical
MCG,Consumer Cyclical
MELI,Consumer Cyclical
MTH,Consumer Cyclical
MTOR,Consumer Cyclical
MGM,Consumer Cyclical
MHO,Consumer Cyclical
MLR,Consumer Cyclical
MLKN,Consumer Cyclical
MNSO,Consumer Cyclical
MCW,Consumer Cyclical
MOD,Consumer Cyclical
MHK,Consumer Cyclical
MCRI,Consumer Cyclical
MNRO,Consumer Cyclical
MPAA,Consumer Cyclical
MOV,Consumer Cyclical
MULN,Consumer Cyclical
MUSA,Consumer Cyclical
GRIL,Consumer Cyclical
MYE,Consumer Cyclical
MYTE,Consumer Cyclical
NATH,Consumer Cyclical
EYE,Consumer Cyclical
NHTC,Consumer Cyclical
NTZ,Consumer Cyclical
NLS,Consumer Cyclical
NGMS,Consumer Cyclical
NEGG,Consumer Cyclical
NKE,Consumer Cyclical
NIO,Consumer Cyclical
NIU,Consumer Cyclical
NDLS,Consumer Cyclical
JWN,Consumer Cyclical
NCLH,Consumer Cyclical
NVFY,Consumer Cyclical
NVVE,Consumer Cyclical
NVR,Consumer Cyclical
ODP,Consumer Cyclical
OLPX,Consumer Cyclical
OSW,Consumer Cyclical
ONEW,Consumer Cyclical
ONON,Consumer Cyclical
ORLY,Consumer Cyclical
OCG,Consumer Cyclical
BARK,Consumer Cyclical
OSTK,Consumer Cyclical
OI,Consumer Cyclical
OXM,Consumer Cyclical
PKG,Consumer Cyclical
PTVE,Consumer Cyclical
PZZA,Consumer Cyclical
ID,Consumer Cyclical
PRTY,Consumer Cyclical
PATK,Consumer Cyclical
PTON,Consumer Cyclical
PENN,Consumer Cyclical
PAG,Consumer Cyclical
WOOF,Consumer Cyclical
PEV,Consumer Cyclical
PDD,Consumer Cyclical
PLNT,Consumer Cyclical
AGS,Consumer Cyclical
PLYA,Consumer Cyclical
PLBY,Consumer Cyclical
PII,Consumer Cyclical
POOL,Consumer Cyclical
PTLO,Consumer Cyclical
POSH,Consumer Cyclical
PBPB,Consumer Cyclical
PTRA,Consumer Cyclical
PHM,Consumer Cyclical
PRPL,Consumer Cyclical
PVH,Consumer Cyclical
QS,Consumer Cyclical
QRTEA,Consumer Cyclical
RL,Consumer Cyclical
PACK,Consumer Cyclical
RAVE,Consumer Cyclical
RICK,Consumer Cyclical
RRGB,Consumer Cyclical
RRR,Consumer Cyclical
REE,Consumer Cyclical
RGS,Consumer Cyclical
RENT,Consumer Cyclical
QSR,Consumer Cyclical
RVLV,Consumer Cyclical
REYN,Consumer Cyclical
RH,Consumer Cyclical
RIVN,Consumer Cyclical
RCKY,Consumer Cyclical
ROL,Consumer Cyclical
RMO,Consumer Cyclical
ROST,Consumer Cyclical
ROVR,Consumer Cyclical
RCL,Consumer Cyclical
RMBL,Consumer Cyclical
RUSHA,Consumer Cyclical
RUSHB,Consumer Cyclical
RSI,Consumer Cyclical
RUTH,Consumer Cyclical
SABR,Consumer Cyclical
SBH,Consumer Cyclical
SEE,Consumer Cyclical
SE,Consumer Cyclical
SEAS,Consumer Cyclical
SCI,Consumer Cyclical
SHAK,Consumer Cyclical
SBET,Consumer Cyclical
SFT,Consumer Cyclical
SCVL,Consumer Cyclical
SSU,Consumer Cyclical
SIG,Consumer Cyclical
SLGN,Consumer Cyclical
SG,Consumer Cyclical
SIX,Consumer Cyclical
SKX,Consumer Cyclical
SKY,Consumer Cyclical
SNBR,Consumer Cyclical
DTC,Consumer Cyclical
SOND,Consumer Cyclical
SAH,Consumer Cyclical
SON,Consumer Cyclical
SEV,Consumer Cyclical
SPWH,Consumer Cyclical
SMP,Consumer Cyclical
SBUX,Consumer Cyclical
STLA,Consumer Cyclical
SHOO,Consumer Cyclical
SFIX,Consumer Cyclical
STON,Consumer Cyclical
SRI,Consumer Cyclical
STRT,Consumer Cyclical
SGHC,Consumer Cyclical
SGC,Consumer Cyclical
SUP,Consumer Cyclical
SES,Consumer Cyclical
SYPR,Consumer Cyclical
TKAT,Consumer Cyclical
TPR,Consumer Cyclical
TTM,Consumer Cyclical
TMHC,Consumer Cyclical
TPX,Consumer Cyclical
TEN,Consumer Cyclical
TMX,Consumer Cyclical
TSLA,Consumer Cyclical
TXRH,Consumer Cyclical
BKE,Consumer Cyclical
CATO,Consumer Cyclical
CAKE,Consumer Cyclical
PLCE,Consumer Cyclical
TCS,Consumer Cyclical
DXYN,Consumer Cyclical
GPS,Consumer Cyclical
GT,Consumer Cyclical
HD,Consumer Cyclical
LOVE,Consumer Cyclical
STKS,Consumer Cyclical
REAL,Consumer Cyclical
TJX,Consumer Cyclical
WEN,Consumer Cyclical
THO,Consumer Cyclical
TDUP,Consumer Cyclical
TTSH,Consumer Cyclical
TLYS,Consumer Cyclical
TOL,Consumer Cyclical
CURV,Consumer Cyclical
TM,Consumer Cyclical
TSCO,Consumer Cyclical
COOK,Consumer Cyclical
TA,Consumer Cyclical
TNL,Consumer Cyclical
TRIP,Consumer Cyclical
TCOM,Consumer Cyclical
TPH,Consumer Cyclical
TOUR,Consumer Cyclical
TUP,Consumer Cyclical
VEEE,Consumer Cyclical
ULTA,Consumer Cyclical
UAA,Consumer Cyclical
UA,Consumer Cyclical
UFI,Consumer Cyclical
UFAB,Consumer Cyclical
URBN,Consumer Cyclical
PRTS,Consumer Cyclical
MTN,Consumer Cyclical
VRA,Consumer Cyclical
VFC,Consumer Cyclical
VSCO,Consumer Cyclical
VNCE,Consumer Cyclical
BBIG,Consumer Cyclical
VIOT,Consumer Cyclical
VIPS,Consumer Cyclical
VMAR,Consumer Cyclical
VSTO,Consumer Cyclical
VC,Consumer Cyclical
VLCN,Consumer Cyclical
VLTA,Consumer Cyclical
VRM,Consumer Cyclical
W,Consumer Cyclical
WEBR,Consumer Cyclical
WPRT,Consumer Cyclical
WRK,Consumer Cyclical
WEYS,Consumer Cyclical
WHR,Consumer Cyclical
WSM,Consumer Cyclical
WING,Consumer Cyclical
WINA,Consumer Cyclical
WGO,Consumer Cyclical
WWW,Consumer Cyclical
WKHS,Consumer Cyclical
WKSP,Consumer Cyclical
WNW,Consumer Cyclical
WW,Consumer Cyclical
WH,Consumer Cyclical
WYNN,Consumer Cyclical
XL,Consumer Cyclical
XPEL,Consumer Cyclical
XPEV,Consumer Cyclical
XPOF,Consumer Cyclical
XSPA,Consumer Cyclical
YTRA,Consumer Cyclical
YSG,Consumer Cyclical
YETI,Consumer Cyclical
YUM,Consumer Cyclical
YUMC,Consumer Cyclical
YJ,Consumer Cyclical
ZUMZ,Consumer Cyclical
YQ,Consumer Defensive
XXII,Consumer Defensive
TWOU,Consumer Defensive
ACU,Consumer Defensive
AGRO,Consumer Defensive
ATGE,Consumer Defensive
AFYA,Consumer Defensive
AGRI,Consumer Defensive
AGFS,Consumer Defensive
ACI,Consumer Defensive
ALCO,Consumer Defensive
MO,Consumer Defensive
ABEV,Consumer Defensive
APEI,Consumer Defensive
BUD,Consumer Defensive
APPH,Consumer Defensive
AQB,Consumer Defensive
ADM,Consumer Defensive
ARCE,Consumer Defensive
ASPU,Consumer Defensive
BRFH,Consumer Defensive
SKIN,Consumer Defensive
BRBR,Consumer Defensive
BTTR,Consumer Defensive
BYND,Consumer Defensive
BGS,Consumer Defensive
BIG,Consumer Defensive
BJ,Consumer Defensive
BSFC,Consumer Defensive
BON,Consumer Defensive
LND,Consumer Defensive
BRCC,Consumer Defensive
BRFS,Consumer Defensive
BTI,Consumer Defensive
BF.B,Consumer Defensive
BF.A,Consumer Defensive
BG,Consumer Defensive
BRCN,Consumer Defensive
CVGW,Consumer Defensive
CALM,Consumer Defensive
CLXT,Consumer Defensive
CPB,Consumer Defensive
CELH,Consumer Defensive
CENT,Consumer Defensive
CENTA,Consumer Defensive
CHGG,Consumer Defensive
COE,Consumer Defensive
BTOG,Consumer Defensive
CHD,Consumer Defensive
COKE,Consumer Defensive
CCEP,Consumer Defensive
KOF,Consumer Defensive
JVA,Consumer Defensive
CL,Consumer Defensive
CCU,Consumer Defensive
CAG,Consumer Defensive
STZ,Consumer Defensive
COST,Consumer Defensive
COTY,Consumer Defensive
COUR,Consumer Defensive
CYAN,Consumer Defensive
DAR,Consumer Defensive
DTEA,Consumer Defensive
DEO,Consumer Defensive
DDL,Consumer Defensive
DOGZ,Consumer Defensive
DOLE,Consumer Defensive
DG,Consumer Defensive
DLTR,Consumer Defensive
EAST,Consumer Defensive
EPC,Consumer Defensive
EDBL,Consumer Defensive
ELF,Consumer Defensive
EEIQ,Consumer Defensive
AKO.A,Consumer Defensive
EWCZ,Consumer Defensive
FARM,Consumer Defensive
FAMI,Consumer Defensive
FHS,Consumer Defensive
FLO,Consumer Defensive
FMX,Consumer Defensive
AFRI,Consumer Defensive
FEDU,Consumer Defensive
FDP,Consumer Defensive
FRPT,Consumer Defensive
VINE,Consumer Defensive
GIS,Consumer Defensive
GNS,Consumer Defensive
GHC,Consumer Defensive
LOPE,Consumer Defensive
GEHI,Consumer Defensive
GNLN,Consumer Defensive
GO,Consumer Defensive
GOTU,Consumer Defensive
HLG,Consumer Defensive
HAPP,Consumer Defensive
HELE,Consumer Defensive
HLF,Consumer Defensive
HFFG,Consumer Defensive
HIMS,Consumer Defensive
HRL,Consumer Defensive
TWNK,Consumer Defensive
IH,Consumer Defensive
IBA,Consumer Defensive
IMKTA,Consumer Defensive
INGR,Consumer Defensive
IPAR,Consumer Defensive
JJSF,Consumer Defensive
JBSS,Consumer Defensive
LRN,Consumer Defensive
KAVL,Consumer Defensive
K,Consumer Defensive
KDP,Consumer Defensive
KMB,Consumer Defensive
DNUT,Consumer Defensive
LSF,Consumer Defensive
LW,Consumer Defensive
LANC,Consumer Defensive
LNDC,Consumer Defensive
LAUR,Consumer Defensive
LFVN,Consumer Defensive
LWAY,Consumer Defensive
LMNR,Consumer Defensive
LINC,Consumer Defensive
LOCL,Consumer Defensive
MMMB,Consumer Defensive
MKC,Consumer Defensive
MKC.V,Consumer Defensive
MITC,Consumer Defensive
AIU,Consumer Defensive
METX,Consumer Defensive
MGPI,Consumer Defensive
MF,Consumer Defensive
AVO,Consumer Defensive
TAP,Consumer Defensive
MDLZ,Consumer Defensive
MNST,Consumer Defensive
FIZZ,Consumer Defensive
NTCO,Consumer Defensive
NGVC,Consumer Defensive
NATR,Consumer Defensive
NBEV,Consumer Defensive
NWL,Consumer Defensive
EDU,Consumer Defensive
NOMD,Consumer Defensive
NUS,Consumer Defensive
NUZE,Consumer Defensive
OTLY,Consumer Defensive
OLLI,Consumer Defensive
PEP,Consumer Defensive
PRDO,Consumer Defensive
PFGC,Consumer Defensive
PM,Consumer Defensive
PPC,Consumer Defensive
PLAG,Consumer Defensive
POST,Consumer Defensive
PSMT,Consumer Defensive
PRMW,Consumer Defensive
RGF,Consumer Defensive
REED,Consumer Defensive
REV,Consumer Defensive
RIBT,Consumer Defensive
RLX,Consumer Defensive
SAFM,Consumer Defensive
ASAI,Consumer Defensive
SENEA,Consumer Defensive
SKIL,Consumer Defensive
SMFL,Consumer Defensive
SOVO,Consumer Defensive
SPTN,Consumer Defensive
SPB,Consumer Defensive
SBEV,Consumer Defensive
SFM,Consumer Defensive
STRA,Consumer Defensive
SNAX,Consumer Defensive
STKL,Consumer Defensive
SANW,Consumer Defensive
SYY,Consumer Defensive
TAL,Consumer Defensive
TANH,Consumer Defensive
TEDU,Consumer Defensive
TGT,Consumer Defensive
TTCF,Consumer Defensive
PETZ,Consumer Defensive
WTER,Consumer Defensive
ANDE,Consumer Defensive
SAM,Consumer Defensive
CHEF,Consumer Defensive
CLX,Consumer Defensive
KO,Consumer Defensive
NAPA,Consumer Defensive
EL,Consumer Defensive
HAIN,Consumer Defensive
HSY,Consumer Defensive
SJM,Consumer Defensive
KHC,Consumer Defensive
KR,Consumer Defensive
PG,Consumer Defensive
SMPL,Consumer Defensive
UL,Consumer Defensive
THRN,Consumer Defensive
TR,Consumer Defensive
THS,Consumer Defensive
TUEM,Consumer Defensive
TPB,Consumer Defensive
TSN,Consumer Defensive
UDMY,Consumer Defensive
UG,Consumer Defensive
UNFI,Consumer Defensive
UVV,Consumer Defensive
UTI,Consumer Defensive
USNA,Consumer Defensive
USFD,Consumer Defensive
UTZ,Consumer Defensive
VSTA,Consumer Defensive
VGR,Consumer Defensive
VGFC,Consumer Defensive
VFF,Consumer Defensive
VLGEA,Consumer Defensive
VWE,Consumer Defensive
VEDU,Consumer Defensive
COCO,Consumer Defensive
VITL,Consumer Defensive
VTRU,Consumer Defensive
WMT,Consumer Defensive
WMK,Consumer Defensive
FREE,Consumer Defensive
WVVI,Consumer Defensive
WBEV,Consumer Defensive
TKLF,Consumer Defensive
ZVIA,Consumer Defensive
ZVO,Consumer Defensive
AE,Energy
AMTX,Energy
AMPY,Energy
AM,Energy
AR,Energy
APA,Energy
ARCH,Energy
AROC,Energy
BKR,Energy
BRN,Energy
BATL,Energy
BRY,Energy
BORR,Energy
BP,Energy
MNRL,Energy
VTOL,Energy
WHD,Energy
CRC,Energy
CPE,Energy
CEI,Energy
CCJ,Energy
CNQ,Energy
CVE,Energy
CDEV,Energy
LEU,Energy
CHX,Energy
LNG,Energy
CHK,Energy
CVX,Energy
SNP,Energy
CIVI,Energy
CLNE,Energy
CNX,Energy
CRK,Energy
COP,Energy
CEIX,Energy
CLR,Energy
CTRA,Energy
CLB,Energy
CSAN,Energy
CRGY,Energy
CPG,Energy
CRT,Energy
CVI,Energy
DWSN,Energy
DK,Energy
DEN,Energy
DNN,Energy
DVN,Energy
DHT,Energy
FANG,Energy
DO,Energy
BOOM,Energy
LPG,Energy
DRQ,Energy
DTM,Energy
ESTE,Energy
ZEST,Energy
EC,Energy
EP,Energy
ENB,Energy
UUUU,Energy
ERF,Energy
E,Energy
ENSV,Energy
EOG,Energy
EPSN,Energy
EQT,Energy
EQNR,Energy
ETRN,Energy
EURN,Energy
EPM,Energy
XPRO,Energy
EXTN,Energy
XOM,Energy
FLNG,Energy
FTK,Energy
FET,Energy
FRO,Energy
GPRK,Energy
GEOS,Energy
GLNG,Energy
GTE,Energy
GPOR,Energy
HNRG,Energy
HAL,Energy
HLX,Energy
HP,Energy
HES,Energy
HESM,Energy
DINO,Energy
HPK,Energy
HUSA,Energy
IMO,Energy
IMPP,Energy
ICD,Energy
INDO,Energy
INSW,Energy
KMI,Energy
KNTK,Energy
KLXE,Energy
KOS,Energy
LPI,Energy
LBRT,Energy
MMP,Energy
MGY,Energy
MRO,Energy
MPC,Energy
MTDR,Energy
MTR,Energy
MXC,Energy
MRC,Energy
MUR,Energy
MVO,Energy
NBR,Energy
NC,Energy
NESR,Energy
NFG,Energy
NOV,Energy
NGS,Energy
NVGS,Energy
NR,Energy
NXE,Energy
NEXT,Energy
NEX,Energy
NINE,Energy
NE,Energy
NOA,Energy
NOG,Energy
DNOW,Energy
NS,Energy
OAS,Energy
OBE,Energy
OXY,Energy
OII,Energy
OIS,Energy
OKE,Energy
OSG,Energy
OVV,Energy
PHX,Energy
PARR,Energy
PTEN,Energy
PBF,Energy
PDCE,Energy
BTU,Energy
PED,Energy
PBA,Energy
PBT,Energy
PTR,Energy
PBR,Energy
PBR.A,Energy
PSX,Energy
PXD,Energy
PAGP,Energy
PDS,Energy
PNRG,Energy
PFIE,Energy
PFHC,Energy
PUMP,Energy
RNGR,Energy
RRC,Energy
REPX,Energy
REI,Energy
ROCC,Energy
RES,Energy
SD,Energy
SLB,Energy
STNG,Energy
WTTR,Energy
SHEL,Energy
SBOW,Energy
SHI,Energy
SND,Energy
SM,Energy
SOI,Energy
SWN,Energy
SU,Energy
SDPI,Energy
TALO,Energy
TRGP,Energy
TRP,Energy
FTI,Energy
TK,Energy
TNK,Energy
TELL,Energy
TS,Energy
TTI,Energy
TPL,Energy
WMB,Energy
TDW,Energy
TRMD,Energy
TTE,Energy
TGA,Energy
RIG,Energy
TGS,Energy
TNP,Energy
UGP,Energy
UEC,Energy
UROY,Energy
URG,Energy
USEG,Energy
SLCA,Energy
USWS,Energy
EGY,Energy
VAL,Energy
VLO,Energy
VVV,Energy
VET,Energy
VTNR,Energy
VIST,Energy
VIVK,Energy
WFRD,Energy
WLL,Energy
WDS,Energy
INT,Energy
WTI,Energy
YPF,Energy
SRCE,Financial Services
ADER,Financial Services
QFIN,Financial Services
AEF,Financial Services
FCO,Financial Services
ACEV,Financial Services
ACNB,Financial Services
ADRA,Financial Services
ADEX,Financial Services
IMPX,Financial Services
AEG,Financial Services
AMG,Financial Services
AFBI,Financial Services
AFL,Financial Services
AGAC,Financial Services
AGGR,Financial Services
RICO,Financial Services
ALRS,Financial Services
Y,Financial Services
ABTX,Financial Services
ALLY,Financial Services
ALCC,Financial Services
AGCB,Financial Services
AAMC,Financial Services
ASPS,Financial Services
ALTU,Financial Services
AMAL,Financial Services
AMRK,Financial Services
AMBC,Financial Services
AMTB,Financial Services
AEL,Financial Services
AXP,Financial Services
AFG,Financial Services
AIG,Financial Services
AMNB,Financial Services
ATA,Financial Services
AMP,Financial Services
AMSF,Financial Services
ABCB,Financial Services
ATLO,Financial Services
ANZU,Financial Services
AON,Financial Services
APO,Financial Services
AINV,Financial Services
APGB,Financial Services
APLD,Financial Services
ACGL,Financial Services
ARCC,Financial Services
ARES,Financial Services
ARBK,Financial Services
ARGO,Financial Services
RAM,Financial Services
AOGO,Financial Services
AROW,Financial Services
AJG,Financial Services
APAM,Financial Services
ASA,Financial Services
AINC,Financial Services
AMK,Financial Services
ASB,Financial Services
AC,Financial Services
AIZ,Financial Services
AGO,Financial Services
ATIF,Financial Services
AAME,Financial Services
AUB,Financial Services
ATLC,Financial Services
ATCO,Financial Services
AUBN,Financial Services
AUS,Financial Services
ASZ,Financial Services
AEAC,Financial Services
EQH,Financial Services
AXS,Financial Services
AX,Financial Services
BCSF,Financial Services
BANF,Financial Services
BBVA,Financial Services
BBDO,Financial Services
BBD,Financial Services
BCH,Financial Services
BANC,Financial Services
BLX,Financial Services
CIB,Financial Services
BMA,Financial Services
BSBR,Financial Services
BSAC,Financial Services
BSMX,Financial Services
SAN,Financial Services
BCV,Financial Services
BSVN,Financial Services
BFIN,Financial Services
BFC,Financial Services
BAC,Financial Services
BOH,Financial Services
BMRC,Financial Services
BMO,Financial Services
BKSC,Financial Services
OZK,Financial Services
BKU,Financial Services
BWFG,Financial Services
BANR,Financial Services
BNIX,Financial Services
BCS,Financial Services
BHB,Financial Services
BBDC,Financial Services
MCI,Financial Services
MPV,Financial Services
BFAC,Financial Services
BCML,Financial Services
BAFN,Financial Services
BBAR,Financial Services
BCBP,Financial Services
BLNG,Financial Services
BENE,Financial Services
BRK.B,Financial Services
BHLB,Financial Services
BSKY,Financial Services
BTBT,Financial Services
BITE,Financial Services
BITF,Financial Services
BMAC,Financial Services
BFZ,Financial Services
BKCC,Financial Services
BHK,Financial Services
BTZ,Financial Services
BGR,Financial Services
BME,Financial Services
BLK,Financial Services
BIGZ,Financial Services
BKN,Financial Services
BLW,Financial Services
BTA,Financial Services
BIT,Financial Services
BTT,Financial Services
BYM,Financial Services
BFK,Financial Services
BLE,Financial Services
BNY,Financial Services
TCPC,Financial Services
BUI,Financial Services
BXSL,Financial Services
BLEU,Financial Services
BCOR,Financial Services
BLFY,Financial Services
OWL,Financial Services
BRBS,Financial Services
BOAC,Financial Services
DMF,Financial Services
LEO,Financial Services
BOAS,Financial Services
BSBK,Financial Services
BOKF,Financial Services
BFH,Financial Services
BRDG,Financial Services
BTWN,Financial Services
BWB,Financial Services
BHF,Financial Services
BLTS,Financial Services
BSIG,Financial Services
RILY,Financial Services
BRPM,Financial Services
BYFC,Financial Services
BAM,Financial Services
BAMR,Financial Services
BBUC,Financial Services
BRKL,Financial Services
BRO,Financial Services
BRP,Financial Services
BTCS,Financial Services
BUR,Financial Services
BFST,Financial Services
BY,Financial Services
CADE,Financial Services
CATC,Financial Services
CAC,Financial Services
CM,Financial Services
CANG,Financial Services
CBNK,Financial Services
CCBG,Financial Services
COF,Financial Services
CSWC,Financial Services
CFFN,Financial Services
CSTR,Financial Services
CTAQ,Financial Services
CARE,Financial Services
CARV,Financial Services
CLST,Financial Services
CPAR,Financial Services
CATY,Financial Services
CBFV,Financial Services
CBTX,Financial Services
PRPB,Financial Services
CPF,Financial Services
CET,Financial Services
CVCY,Financial Services
CFVI,Financial Services
CFSB,Financial Services
CHMG,Financial Services
LFC,Financial Services
COFS,Financial Services
CB,Financial Services
CCV,Financial Services
CCVI,Financial Services
CVII,Financial Services
CIXX,Financial Services
CINF,Financial Services
CION,Financial Services
CIFR,Financial Services
C,Financial Services
CZWI,Financial Services
CFG,Financial Services
CIZN,Financial Services
CIA,Financial Services
CZNC,Financial Services
CHCO,Financial Services
CIVB,Financial Services
CLRM,Financial Services
CLIM,Financial Services
CME,Financial Services
CNA,Financial Services
CCNE,Financial Services
CNF,Financial Services
CNO,Financial Services
CCB,Financial Services
CVLY,Financial Services
COHN,Financial Services
CNS,Financial Services
CRHC,Financial Services
COLI,Financial Services
CBAN,Financial Services
COLB,Financial Services
CLBK,Financial Services
CMA,Financial Services
CBSH,Financial Services
CBU,Financial Services
CTBI,Financial Services
CND,Financial Services
CNOB,Financial Services
CPSS,Financial Services
CRVL,Financial Services
COVA,Financial Services
COWN,Financial Services
PMTS,Financial Services
CRD.B,Financial Services
CRD.A,Financial Services
BAP,Financial Services
CACC,Financial Services
CS,Financial Services
CCAP,Financial Services
CFB,Financial Services
DAOO,Financial Services
CFR,Financial Services
CULL,Financial Services
CURO,Financial Services
CUBI,Financial Services
CVBF,Financial Services
DCRD,Financial Services
VFL,Financial Services
DB,Financial Services
DHIL,Financial Services
EQOS,Financial Services
DWAC,Financial Services
DCOM,Financial Services
DFS,Financial Services
DMYS,Financial Services
DGICA,Financial Services
DFIN,Financial Services
XPOA,Financial Services
DNB,Financial Services
DUNE,Financial Services
KTF,Financial Services
EGBN,Financial Services
EBMT,Financial Services
EBC,Financial Services
ERES,Financial Services
EWBC,Financial Services
EVM,Financial Services
CEV,Financial Services
EFT,Financial Services
ETX,Financial Services
EVN,Financial Services
EOT,Financial Services
ENX,Financial Services
EFR,Financial Services
EVF,Financial Services
EAC,Financial Services
EHTH,Financial Services
ELVT,Financial Services
EOCW,Financial Services
ECF,Financial Services
EMCF,Financial Services
ETAC,Financial Services
EIG,Financial Services
ECPG,Financial Services
ENVA,Financial Services
ESGR,Financial Services
ENTF,Financial Services
EBTC,Financial Services
EFSC,Financial Services
EPHY,Financial Services
EQBK,Financial Services
EQD,Financial Services
ERIE,Financial Services
ESQ,Financial Services
ESSA,Financial Services
ESNT,Financial Services
EVBN,Financial Services
EVR,Financial Services
RE,Financial Services
EZPW,Financial Services
FDS,Financial Services
FANH,Financial Services
FMAO,Financial Services
FMNB,Financial Services
FPAC,Financial Services
FBK,Financial Services
AGM,Financial Services
FHI,Financial Services
FNHC,Financial Services
FFBW,Financial Services
FGF,Financial Services
FDBC,Financial Services
FNF,Financial Services
FDUS,Financial Services
FITB,Financial Services
FOA,Financial Services
FISI,Financial Services
FXCO,Financial Services
FTCV,Financial Services
FTEV,Financial Services
FINV,Financial Services
FAF,Financial Services
FBNC,Financial Services
FBP,Financial Services
FRBA,Financial Services
BUSE,Financial Services
FBIZ,Financial Services
FCFS,Financial Services
FCNCA,Financial Services
FCF,Financial Services
FCBC,Financial Services
FCCO,Financial Services
FFBC,Financial Services
FFIN,Financial Services
THFF,Financial Services
FFNW,Financial Services
FFWM,Financial Services
FGBI,Financial Services
FHB,Financial Services
FHN,Financial Services
INBK,Financial Services
FIBK,Financial Services
FRME,Financial Services
FMBH,Financial Services
FNWB,Financial Services
FRC,Financial Services
FRSG,Financial Services
FSFG,Financial Services
FUNC,Financial Services
FUSB,Financial Services
MYFW,Financial Services
FSBC,Financial Services
FBC,Financial Services
FFIC,Financial Services
FNB,Financial Services
FNCB,Financial Services
FOCS,Financial Services
FSSI,Financial Services
FCAX,Financial Services
FVIV,Financial Services
FOXW,Financial Services
FRAF,Financial Services
BEN,Financial Services
FT,Financial Services
FRHC,Financial Services
FRON,Financial Services
FSBW,Financial Services
FSK,Financial Services
FULT,Financial Services
FUTU,Financial Services
FVCB,Financial Services
GBL,Financial Services
GNT,Financial Services
GCMG,Financial Services
GAM,Financial Services
GBNY,Financial Services
GNW,Financial Services
GABC,Financial Services
GBCI,Financial Services
GLAD,Financial Services
GAIN,Financial Services
GL,Financial Services
GOAC,Financial Services
GOBI,Financial Services
GOCO,Financial Services
GAMC,Financial Services
GSBD,Financial Services
GBDC,Financial Services
GWII,Financial Services
GSHD,Financial Services
GIIX,Financial Services
GRAB,Financial Services
GECC,Financial Services
GSBC,Financial Services
GDOT,Financial Services
GCBC,Financial Services
GHL,Financial Services
GREE,Financial Services
GLRE,Financial Services
AVAL,Financial Services
GGAL,Financial Services
SUPV,Financial Services
GSQD,Financial Services
GSRM,Financial Services
GNTY,Financial Services
GBAB,Financial Services
GHLD,Financial Services
HGTY,Financial Services
HALL,Financial Services
HLAH,Financial Services
HLNE,Financial Services
HWC,Financial Services
HAFC,Financial Services
HNVR,Financial Services
HONE,Financial Services
HWBK,Financial Services
HBT,Financial Services
HCI,Financial Services
HDB,Financial Services
HAAC,Financial Services
HTLF,Financial Services
HCIC,Financial Services
HTGC,Financial Services
HTBK,Financial Services
HFWA,Financial Services
HGBL,Financial Services
HRTG,Financial Services
HIGA,Financial Services
HTPA,Financial Services
HTH,Financial Services
HIFS,Financial Services
HIPO,Financial Services
HIVE,Financial Services
HBCP,Financial Services
HOMB,Financial Services
HMPT,Financial Services
HMST,Financial Services
HTBI,Financial Services
HOPE,Financial Services
HMN,Financial Services
HZON,Financial Services
HBNC,Financial Services
HRZN,Financial Services
HLI,Financial Services
HSBC,Financial Services
HIII,Financial Services
HUIZ,Financial Services
HBAN,Financial Services
HUT,Financial Services
HVBC,Financial Services
IBN,Financial Services
ICNC,Financial Services
IROQ,Financial Services
IGAC,Financial Services
IMH,Financial Services
IOR,Financial Services
ACQR,Financial Services
INDB,Financial Services
IBCP,Financial Services
IBTX,Financial Services
NFNT,Financial Services
ING,Financial Services
IIII,Financial Services
IQMD,Financial Services
IBKR,Financial Services
ICE,Financial Services
IFS,Financial Services
IBOC,Financial Services
IGIC,Financial Services
VKI,Financial Services
VCV,Financial Services
VLT,Financial Services
IVZ,Financial Services
OIA,Financial Services
VMO,Financial Services
VKQ,Financial Services
VPV,Financial Services
IQI,Financial Services
VGM,Financial Services
VTN,Financial Services
IIM,Financial Services
ISTR,Financial Services
ICMB,Financial Services
ITIC,Financial Services
IREN,Financial Services
ISLE,Financial Services
ITUB,Financial Services
JXN,Financial Services
JRVR,Financial Services
JHG,Financial Services
JWSM,Financial Services
JEF,Financial Services
JHS,Financial Services
JMSB,Financial Services
JPM,Financial Services
JUN,Financial Services
JP,Financial Services
JWAC,Financial Services
KYN,Financial Services
KB,Financial Services
KRNY,Financial Services
KMPR,Financial Services
KCGI,Financial Services
KEY,Financial Services
KVSC,Financial Services
KNSL,Financial Services
KINZ,Financial Services
KIII,Financial Services
KAII,Financial Services
KAHC,Financial Services
KKR,Financial Services
LBAI,Financial Services
LKFN,Financial Services
LSBK,Financial Services
LGAC,Financial Services
LAZ,Financial Services
LCNB,Financial Services
LEGA,Financial Services
LFTR,Financial Services
LGTO,Financial Services
LMND,Financial Services
LC,Financial Services
TREE,Financial Services
LX,Financial Services
LMACA,Financial Services
LMST,Financial Services
LNC,Financial Services
LGHL,Financial Services
LOB,Financial Services
LYG,Financial Services
LMFA,Financial Services
LDI,Financial Services
L,Financial Services
LRFC,Financial Services
LPLA,Financial Services
LU,Financial Services
LBC,Financial Services
LUXA,Financial Services
MCBC,Financial Services
MHLD,Financial Services
MNSB,Financial Services
MAIN,Financial Services
MN,Financial Services
MFC,Financial Services
MARA,Financial Services
MKL,Financial Services
MKTX,Financial Services
MMC,Financial Services
MGLD,Financial Services
MIT,Financial Services
MA,Financial Services
MIGI,Financial Services
MBI,Financial Services
MFIN,Financial Services
MSAC,Financial Services
MBWM,Financial Services
MBIN,Financial Services
MCY,Financial Services
MRBK,Financial Services
CASH,Financial Services
MET,Financial Services
MCBS,Financial Services
MILE,Financial Services
MCB,Financial Services
MCR,Financial Services
CXE,Financial Services
CMU,Financial Services
MIN,Financial Services
CXH,Financial Services
MFM,Financial Services
MFV,Financial Services
MTG,Financial Services
MBCN,Financial Services
MSBI,Financial Services
MPB,Financial Services
MDWT,Financial Services
MOFG,Financial Services
MUFG,Financial Services
MFG,Financial Services
MC,Financial Services
MGI,Financial Services
MRCC,Financial Services
MCO,Financial Services
MS,Financial Services
MORN,Financial Services
MTVC,Financial Services
RNER,Financial Services
COOP,Financial Services
MSCI,Financial Services
MTB,Financial Services
MUDS,Financial Services
MVBF,Financial Services
NDAQ,Financial Services
NBHC,Financial Services
NKSH,Financial Services
NWLI,Financial Services
NOAC,Financial Services
NWG,Financial Services
NAVI,Financial Services
NBTB,Financial Services
NNI,Financial Services
NRDS,Financial Services
NBW,Financial Services
NBH,Financial Services
NBO,Financial Services
NMFC,Financial Services
NEWT,Financial Services
NVSA,Financial Services
NYCB,Financial Services
NXDT,Financial Services
NICK,Financial Services
NIC,Financial Services
NDAC,Financial Services
NODK,Financial Services
NISN,Financial Services
NMIH,Financial Services
NOAH,Financial Services
NMR,Financial Services
NBN,Financial Services
NECB,Financial Services
NLIT,Financial Services
NTRS,Financial Services
NFBK,Financial Services
NRIM,Financial Services
NWBI,Financial Services
NWFL,Financial Services
NSTS,Financial Services
NU,Financial Services
NXC,Financial Services
NXP,Financial Services
NPFD,Financial Services
OCSL,Financial Services
OVLY,Financial Services
OCFC,Financial Services
OCN,Financial Services
OFG,Financial Services
OFS,Financial Services
OCCI,Financial Services
OVBC,Financial Services
ONB,Financial Services
ORI,Financial Services
OSBC,Financial Services
OMF,Financial Services
ONYX,Financial Services
OPBK,Financial Services
LPRO,Financial Services
OPRT,Financial Services
OPY,Financial Services
OBT,Financial Services
OBNK,Financial Services
IX,Financial Services
ORRF,Financial Services
ORCC,Financial Services
OXAC,Financial Services
OXBR,Financial Services
OXLC,Financial Services
OXSQ,Financial Services
OSTR,Financial Services
PX,Financial Services
PPBI,Financial Services
PACW,Financial Services
PLMR,Financial Services
PRBM,Financial Services
PKBK,Financial Services
PRK,Financial Services
PFDR,Financial Services
PBHC,Financial Services
PAX,Financial Services
PNBK,Financial Services
PYPL,Financial Services
PBBK,Financial Services
PCB,Financial Services
PCSB,Financial Services
PGC,Financial Services
PFLT,Financial Services
PNNT,Financial Services
PWOD,Financial Services
PFSI,Financial Services
PEBO,Financial Services
PFIS,Financial Services
PCCT,Financial Services
PWP,Financial Services
PDOT,Financial Services
PSTH,Financial Services
PAXS,Financial Services
PIPP,Financial Services
PTOC,Financial Services
PNFP,Financial Services
PBFS,Financial Services
HNW,Financial Services
PHD,Financial Services
PHT,Financial Services
PACX,Financial Services
MAV,Financial Services
MHI,Financial Services
PIPR,Financial Services
PJT,Financial Services
PLBC,Financial Services
PDLB,Financial Services
BPOP,Financial Services
PFTA,Financial Services
PTMN,Financial Services
PWUP,Financial Services
PRAA,Financial Services
PFBC,Financial Services
PFC,Financial Services
PV,Financial Services
PRI,Financial Services
FRST,Financial Services
PFG,Financial Services
PGZ,Financial Services
PMGM,Financial Services
PRA,Financial Services
PFHD,Financial Services
PGRW,Financial Services
PSEC,Financial Services
PRSR,Financial Services
PB,Financial Services
PVBC,Financial Services
PROV,Financial Services
PFS,Financial Services
PBIP,Financial Services
PRU,Financial Services
PUK,Financial Services
PMM,Financial Services
PMO,Financial Services
PUYI,Financial Services
PZN,Financial Services
QCRH,Financial Services
QD,Financial Services
RDN,Financial Services
RNDB,Financial Services
RJF,Financial Services
RBB,Financial Services
RBAC,Financial Services
RRBI,Financial Services
RM,Financial Services
RF,Financial Services
RGA,Financial Services
RELI,Financial Services
RNR,Financial Services
RNST,Financial Services
RCG,Financial Services
RBCAA,Financial Services
FRBK,Financial Services
REVH,Financial Services
RMM,Financial Services
RVAC,Financial Services
RVSB,Financial Services
RLI,Financial Services
RMGC,Financial Services
RKT,Financial Services
ROOT,Financial Services
ROSS,Financial Services
ROCG,Financial Services
RY,Financial Services
RMT,Financial Services
RVT,Financial Services
RWAY,Financial Services
RYAN,Financial Services
SFE,Financial Services
SAFT,Financial Services
SAL,Financial Services
SASR,Financial Services
SAR,Financial Services
SBFG,Financial Services
SAMA,Financial Services
SSAA,Financial Services
SCOB,Financial Services
SHAC,Financial Services
SCU,Financial Services
SBCF,Financial Services
SNFCA,Financial Services
SEIC,Financial Services
SIGI,Financial Services
SLQT,Financial Services
SNTG,Financial Services
SFBS,Financial Services
SHG,Financial Services
SHBI,Financial Services
SIEB,Financial Services
BSRR,Financial Services
SBNY,Financial Services
SAMG,Financial Services
SI,Financial Services
SFNC,Financial Services
SPNT,Financial Services
SLM,Financial Services
SMBK,Financial Services
IPOD,Financial Services
IPOF,Financial Services
SOFI,Financial Services
SLRC,Financial Services
SOR,Financial Services
SFST,Financial Services
SMBC,Financial Services
SSBK,Financial Services
SPFI,Financial Services
SBSI,Financial Services
SSB,Financial Services
SPGI,Financial Services
FUND,Financial Services
SII,Financial Services
STEW,Financial Services
STT,Financial Services
STBA,Financial Services
SCM,Financial Services
STEP,Financial Services
SBT,Financial Services
STC,Financial Services
SF,Financial Services
SYBT,Financial Services
BANX,Financial Services
SNEX,Financial Services
SDIG,Financial Services
SMFG,Financial Services
SMMF,Financial Services
SSBI,Financial Services
SLF,Financial Services
SUNL,Financial Services
SSSS,Financial Services
SIVB,Financial Services
SVFA,Financial Services
SWKH,Financial Services
SYM,Financial Services
SYF,Financial Services
SNV,Financial Services
TWND,Financial Services
TCBC,Financial Services
CGBD,Financial Services
TSPQ,Financial Services
HQH,Financial Services
HQL,Financial Services
WULF,Financial Services
TBNK,Financial Services
TCBI,Financial Services
TCBS,Financial Services
TFSL,Financial Services
ALL,Financial Services
TBBK,Financial Services
BK,Financial Services
BNS,Financial Services
NTB,Financial Services
BPRN,Financial Services
BX,Financial Services
CG,Financial Services
SCHW,Financial Services
TCFC,Financial Services
FNLC,Financial Services
FBMS,Financial Services
FLIC,Financial Services
GGZ,Financial Services
GLU,Financial Services
GRX,Financial Services
GGT,Financial Services
GS,Financial Services
THG,Financial Services
HIG,Financial Services
PNC,Financial Services
PGR,Financial Services
TD,Financial Services
TRV,Financial Services
WU,Financial Services
TCBX,Financial Services
TIRX,Financial Services
TIPT,Financial Services
TLGY,Financial Services
TMP,Financial Services
TOWN,Financial Services
TPG,Financial Services
TPGY,Financial Services
YTPG,Financial Services
TSLX,Financial Services
TW,Financial Services
TIG,Financial Services
ATVC,Financial Services
TCBK,Financial Services
TY,Financial Services
TRAQ,Financial Services
TRIN,Financial Services
TPVG,Financial Services
TBK,Financial Services
TROW,Financial Services
TFC,Financial Services
TRUP,Financial Services
TRST,Financial Services
TRMK,Financial Services
TZPS,Financial Services
UBS,Financial Services
UMBF,Financial Services
UMPQ,Financial Services
UNB,Financial Services
UBCP,Financial Services
UBOH,Financial Services
UBSI,Financial Services
UCBI,Financial Services
UFCS,Financial Services
UIHC,Financial Services
UBFO,Financial Services
UNTY,Financial Services
UVE,Financial Services
UVSP,Financial Services
UNM,Financial Services
TIGR,Financial Services
UPST,Financial Services
USB,Financial Services
USCB,Financial Services
GROW,Financial Services
UWMC,Financial Services
VHNA,Financial Services
VLY,Financial Services
VALU,Financial Services
VTIQ,Financial Services
VEL,Financial Services
VTAQ,Financial Services
VBTX,Financial Services
VCKA,Financial Services
VCTR,Financial Services
VBFC,Financial Services
VINP,Financial Services
VABK,Financial Services
VIRT,Financial Services
VRTS,Financial Services
V,Financial Services
VOYA,Financial Services
VPCB,Financial Services
VYGG,Financial Services
WD,Financial Services
WPCB,Financial Services
WARR,Financial Services
WAFD,Financial Services
WASH,Financial Services
WDH,Financial Services
WSBF,Financial Services
WBS,Financial Services
ERC,Financial Services
WFC,Financial Services
WSBC,Financial Services
WABC,Financial Services
WTBA,Financial Services
WAL,Financial Services
IGI,Financial Services
WNEB,Financial Services
WHG,Financial Services
WHF,Financial Services
WTM,Financial Services
WMPN,Financial Services
WTW,Financial Services
WTFC,Financial Services
WETF,Financial Services
WF,Financial Services
WRLD,Financial Services
WRB,Financial Services
WSFS,Financial Services
XP,Financial Services
YRD,Financial Services
TOP,Financial Services
ZT,Financial Services
ZION,Financial Services
ZWRK,Financial Services
TXG,Healthcare
YI,Healthcare
ATNF,Healthcare
ONEM,Healthcare
ME,Healthcare
TSVT,Healthcare
FDMT,Healthcare
ETNB,Healthcare
MASS,Healthcare
NMTR,Healthcare
AADI,Healthcare
ABT,Healthcare
ABBV,Healthcare
ABCM,Healthcare
ABCL,Healthcare
ABEO,Healthcare
ABMD,Healthcare
ABSI,Healthcare
ABVC,Healthcare
ACHC,Healthcare
ACAD,Healthcare
ACST,Healthcare
AXDX,Healthcare
ACCD,Healthcare
ARAY,Healthcare
ACRX,Healthcare
ACHV,Healthcare
ACHL,Healthcare
ACIU,Healthcare
ACRS,Healthcare
ACOR,Healthcare
ATNM,Healthcare
ABOS,Healthcare
ACXP,Healthcare
AFIB,Healthcare
ADAG,Healthcare
ADGI,Healthcare
ADMP,Healthcare
AHCO,Healthcare
ADAP,Healthcare
ADPT,Healthcare
ADCT,Healthcare
ADXN,Healthcare
ADUS,Healthcare
ADIL,Healthcare
ACET,Healthcare
ADTX,Healthcare
ADMA,Healthcare
ADVM,Healthcare
AGLE,Healthcare
AERI,Healthcare
AVTE,Healthcare
AEZS,Healthcare
AEMD,Healthcare
AFMD,Healthcare
AGEN,Healthcare
AGE,Healthcare
A,Healthcare
AGRX,Healthcare
AGTI,Healthcare
AGL,Healthcare
AGIO,Healthcare
AIKI,Healthcare
ALRN,Healthcare
AIM,Healthcare
AIRS,Healthcare
AKAN,Healthcare
AKTX,Healthcare
AKBA,Healthcare
KERN,Healthcare
AKRO,Healthcare
AKUS,Healthcare
AKYA,Healthcare
AKU,Healthcare
TCRT,Healthcare
ALBO,Healthcare
ALC,Healthcare
ALDX,Healthcare
ALEC,Healthcare
ALR,Healthcare
ALHC,Healthcare
ALGN,Healthcare
ALGS,Healthcare
ALIM,Healthcare
ALKS,Healthcare
ALLK,Healthcare
ALLR,Healthcare
ALNA,Healthcare
AHPI,Healthcare
ALLO,Healthcare
ALVR,Healthcare
MDRX,Healthcare
ALNY,Healthcare
DRTS,Healthcare
ATEC,Healthcare
TKNO,Healthcare
ALPN,Healthcare
CYTO,Healthcare
ATHE,Healthcare
ALT,Healthcare
ALXO,Healthcare
ALZN,Healthcare
AMRN,Healthcare
AMED,Healthcare
AMWL,Healthcare
ABC,Healthcare
AMGN,Healthcare
FOLD,Healthcare
AMRX,Healthcare
AMN,Healthcare
AMPH,Healthcare
AMPE,Healthcare
AMYT,Healthcare
AMLX,Healthcare
ANAB,Healthcare
AVXL,Healthcare
ANEB,Healthcare
ANGO,Healthcare
ANGN,Healthcare
ANIK,Healthcare
ANIP,Healthcare
ANIX,Healthcare
ANNX,Healthcare
ANVS,Healthcare
ANPC,Healthcare
ANTM,Healthcare
APLS,Healthcare
APEN,Healthcare
AMEH,Healthcare
APDN,Healthcare
AGTC,Healthcare
AMTI,Healthcare
APLT,Healthcare
APRE,Healthcare
ATR,Healthcare
APVO,Healthcare
APTX,Healthcare
APM,Healthcare
APTO,Healthcare
APYX,Healthcare
AQST,Healthcare
ARAV,Healthcare
ABUS,Healthcare
ABIO,Healthcare
ACLX,Healthcare
ARCT,Healthcare
RCUS,Healthcare
ARQT,Healthcare
ARDX,Healthcare
ARGX,Healthcare
ARDS,Healthcare
ARMP,Healthcare
ARWR,Healthcare
TARA,Healthcare
AORT,Healthcare
ARVN,Healthcare
ASND,Healthcare
ASXC,Healthcare
ASLN,Healthcare
AWH,Healthcare
ASMB,Healthcare
ASRT,Healthcare
AZN,Healthcare
ATXS,Healthcare
ATAI,Healthcare
ATRA,Healthcare
AVIR,Healthcare
ATNX,Healthcare
ATHX,Healthcare
ATHA,Healthcare
ATIP,Healthcare
ATOS,Healthcare
BCEL,Healthcare
ATRC,Healthcare
ATRI,Healthcare
LIFE,Healthcare
AUGX,Healthcare
AURA,Healthcare
AUPH,Healthcare
ACB,Healthcare
AUTL,Healthcare
AVDL,Healthcare
AVTX,Healthcare
AVNS,Healthcare
AVAH,Healthcare
ATXI,Healthcare
AVEO,Healthcare
CDMO,Healthcare
RNA,Healthcare
AVGR,Healthcare
RCEL,Healthcare
AVRO,Healthcare
AXLA,Healthcare
AXGN,Healthcare
AXNX,Healthcare
AXSM,Healthcare
AYLA,Healthcare
AYTU,Healthcare
AZTA,Healthcare
AZYO,Healthcare
BBLN,Healthcare
BXRX,Healthcare
BHC,Healthcare
BLCO,Healthcare
BAX,Healthcare
BEAM,Healthcare
BDX,Healthcare
BGNE,Healthcare
BLTE,Healthcare
BLPH,Healthcare
BLCM,Healthcare
BLU,Healthcare
BNTC,Healthcare
BLI,Healthcare
BTTX,Healthcare
XAIR,Healthcare
BYSI,Healthcare
BCYC,Healthcare
BCAB,Healthcare
BCDA,Healthcare
BIOC,Healthcare
BCRX,Healthcare
BDSX,Healthcare
BFRI,Healthcare
BIIB,Healthcare
BHVN,Healthcare
BIOL,Healthcare
BLFS,Healthcare
BLRX,Healthcare
BMRN,Healthcare
BMEA,Healthcare
BNGO,Healthcare
BVXV,Healthcare
BNTX,Healthcare
BPTH,Healthcare
BIO,Healthcare
BIOR,Healthcare
BRTX,Healthcare
BSGM,Healthcare
TECH,Healthcare
BTMD,Healthcare
BEAT,Healthcare
BTCY,Healthcare
BVS,Healthcare
BIVI,Healthcare
BTAI,Healthcare
BDTX,Healthcare
BLUE,Healthcare
BJDX,Healthcare
BPMC,Healthcare
BWV,Healthcare
BOLT,Healthcare
BSX,Healthcare
BCLI,Healthcare
BWAY,Healthcare
BCTX,Healthcare
BBI,Healthcare
BBIO,Healthcare
BGXX,Healthcare
BHG,Healthcare
BMY,Healthcare
BKD,Healthcare
BTX,Healthcare
BRKR,Healthcare
BNR,Healthcare
BFLY,Healthcare
CCCC,Healthcare
CABA,Healthcare
CLBS,Healthcare
CALA,Healthcare
CADL,Healthcare
CANF,Healthcare
CANO,Healthcare
CGC,Healthcare
CAPR,Healthcare
CARA,Healthcare
CRDF,Healthcare
CAH,Healthcare
CSII,Healthcare
CDNA,Healthcare
CMAX,Healthcare
CRBU,Healthcare
CASI,Healthcare
SAVA,Healthcare
CSTL,Healthcare
CTLT,Healthcare
CBIO,Healthcare
CPRX,Healthcare
YCBD,Healthcare
CELC,Healthcare
CLDX,Healthcare
CLRB,Healthcare
CLLS,Healthcare
CVM,Healthcare
CLSN,Healthcare
CELU,Healthcare
CNC,Healthcare
CNTA,Healthcare
IPSC,Healthcare
CERE,Healthcare
CERT,Healthcare
CERS,Healthcare
CSBR,Healthcare
CHNG,Healthcare
CRL,Healthcare
CHEK,Healthcare
CKPT,Healthcare
CEMI,Healthcare
CHE,Healthcare
CCXI,Healthcare
CMRX,Healthcare
CJJD,Healthcare
SXTC,Healthcare
KDNY,Healthcare
CDXC,Healthcare
MPLN,Healthcare
CDTX,Healthcare
CI,Healthcare
CINC,Healthcare
CTXR,Healthcare
CRXT,Healthcare
CLPT,Healthcare
CLSD,Healthcare
CLNN,Healthcare
CLVR,Healthcare
CLOV,Healthcare
CLVS,Healthcare
CNSP,Healthcare
COCP,Healthcare
DNAY,Healthcare
CDXS,Healthcare
CODX,Healthcare
CDAK,Healthcare
COGT,Healthcare
CGTX,Healthcare
CWBR,Healthcare
CHRS,Healthcare
COLL,Healthcare
CLGN,Healthcare
CMRA,Healthcare
CYH,Healthcare
CMPS,Healthcare
CMPX,Healthcare
CGEN,Healthcare
CPSI,Healthcare
CNCE,Healthcare
CFMS,Healthcare
CNMD,Healthcare
CNTB,Healthcare
CNTX,Healthcare
CFRX,Healthcare
CNVY,Healthcare
CRBP,Healthcare
CORT,Healthcare
CRMD,Healthcare
CRTX,Healthcare
CRVS,Healthcare
COSM,Healthcare
CVET,Healthcare
CELZ,Healthcare
CRNX,Healthcare
CRSP,Healthcare
CRON,Healthcare
CCRN,Healthcare
CCEL,Healthcare
CTIC,Healthcare
CUE,Healthcare
HLTH,Healthcare
CGEM,Healthcare
CVAC,Healthcare
CRIS,Healthcare
CUTR,Healthcare
CVRX,Healthcare
CVS,Healthcare
CYBN,Healthcare
CYCC,Healthcare
CYCN,Healthcare
CYTH,Healthcare
CBAY,Healthcare
CYT,Healthcare
CTKB,Healthcare
CYTK,Healthcare
CTMX,Healthcare
CTSO,Healthcare
DHR,Healthcare
DARE,Healthcare
DRIO,Healthcare
DVA,Healthcare
DAWN,Healthcare
DBVT,Healthcare
DBTX,Healthcare
DCPH,Healthcare
DH,Healthcare
DCTH,Healthcare
DNLI,Healthcare
XRAY,Healthcare
DRMA,Healthcare
DMTK,Healthcare
DSGN,Healthcare
DXCM,Healthcare
DMAC,Healthcare
DICE,Healthcare
DFFN,Healthcare
DCGO,Healthcare
DOCS,Healthcare
RDY,Healthcare
DRRX,Healthcare
DYAI,Healthcare
DVAX,Healthcare
DYN,Healthcare
EGRX,Healthcare
EAR,Healthcare
EDAP,Healthcare
EDSA,Healthcare
EWTX,Healthcare
EDIT,Healthcare
EW,Healthcare
EFTR,Healthcare
EIGR,Healthcare
EKSO,Healthcare
ELAN,Healthcare
ECOR,Healthcare
ELMD,Healthcare
ELDN,Healthcare
ELEV,Healthcare
ELYM,Healthcare
LLY,Healthcare
ELOX,Healthcare
EMBC,Healthcare
EBS,Healthcare
ENTA,Healthcare
EHC,Healthcare
ENDP,Healthcare
NDRA,Healthcare
ENLV,Healthcare
ENOB,Healthcare
ETTX,Healthcare
ENTX,Healthcare
TRDA,Healthcare
ENVB,Healthcare
NVST,Healthcare
NVNO,Healthcare
ENZ,Healthcare
EPZM,Healthcare
EQRX,Healthcare
EQ,Healthcare
ERAS,Healthcare
ERYP,Healthcare
ESPR,Healthcare
EPIX,Healthcare
ESTA,Healthcare
ETON,Healthcare
EVAX,Healthcare
EVLO,Healthcare
EVFM,Healthcare
EVGN,Healthcare
EVOK,Healthcare
EVH,Healthcare
EOLS,Healthcare
EVO,Healthcare
EXAS,Healthcare
XGN,Healthcare
EXEL,Healthcare
XCUR,Healthcare
EXAI,Healthcare
EYEN,Healthcare
EYPT,Healthcare
FATE,Healthcare
FEMY,Healthcare
FENC,Healthcare
FGEN,Healthcare
FTRP,Healthcare
FNCH,Healthcare
FWBI,Healthcare
FLGC,Healthcare
FHTX,Healthcare
FORA,Healthcare
FMTX,Healthcare
FBRX,Healthcare
FBIO,Healthcare
FREQ,Healthcare
FMS,Healthcare
HUGE,Healthcare
FSTX,Healthcare
FULC,Healthcare
FLGT,Healthcare
FUSN,Healthcare
GTHX,Healthcare
GANX,Healthcare
GLPG,Healthcare
GALT,Healthcare
GLTO,Healthcare
GRTX,Healthcare
GMDA,Healthcare
GBS,Healthcare
GLS,Healthcare
GMTX,Healthcare
GNTA,Healthcare
GBIO,Healthcare
GENE,Healthcare
GTH,Healthcare
GMAB,Healthcare
GNPX,Healthcare
GOVX,Healthcare
GERN,Healthcare
GHRS,Healthcare
GILD,Healthcare
DNA,Healthcare
GKOS,Healthcare
GSK,Healthcare
GBT,Healthcare
CO,Healthcare
GMED,Healthcare
GLYC,Healthcare
GMVD,Healthcare
GDRX,Healthcare
GOSS,Healthcare
GRCL,Healthcare
GRPH,Healthcare
GRAY,Healthcare
GEG,Healthcare
GRNA,Healthcare
GLSI,Healthcare
GRFS,Healthcare
GRTS,Healthcare
GRVI,Healthcare
GTBP,Healthcare
GH,Healthcare
GHSI,Healthcare
HAE,Healthcare
HALO,Healthcare
HNGR,Healthcare
HRMY,Healthcare
HARP,Healthcare
HROW,Healthcare
HBIO,Healthcare
HCA,Healthcare
HCWB,Healthcare
HCSG,Healthcare
HCTI,Healthcare
HCAT,Healthcare
HQY,Healthcare
HSTM,Healthcare
HSIC,Healthcare
HEPA,Healthcare
HRTX,Healthcare
HSKA,Healthcare
HEXO,Healthcare
HITI,Healthcare
HLVX,Healthcare
HILS,Healthcare
HSTO,Healthcare
HOLX,Healthcare
FIXX,Healthcare
HOOK,Healthcare
HZNP,Healthcare
HOTH,Healthcare
HTGM,Healthcare
HUMA,Healthcare
HUM,Healthcare
HGEN,Healthcare
HCM,Healthcare
HYPR,Healthcare
IBIO,Healthcare
ICAD,Healthcare
ICLR,Healthcare
ICVX,Healthcare
ICUI,Healthcare
IDYA,Healthcare
IDRA,Healthcare
IDXX,Healthcare
IGMS,Healthcare
IKNA,Healthcare
ILMN,Healthcare
IMAB,Healthcare
IMAC,Healthcare
IMGO,Healthcare
IMRA,Healthcare
IMCC,Healthcare
IMTX,Healthcare
ICCC,Healthcare
IMRX,Healthcare
IMUX,Healthcare
IBRX,Healthcare
IMCR,Healthcare
IMGN,Healthcare
IMNM,Healthcare
IPA,Healthcare
IMVT,Healthcare
IMRN,Healthcare
IMMP,Healthcare
IMPL,Healthcare
NARI,Healthcare
IXHL,Healthcare
INCY,Healthcare
INDP,Healthcare
INFI,Healthcare
IFRX,Healthcare
INFU,Healthcare
IKT,Healthcare
INBX,Healthcare
INM,Healthcare
INMD,Healthcare
INMB,Healthcare
IPHA,Healthcare
INNV,Healthcare
INVA,Healthcare
INGN,Healthcare
NOTV,Healthcare
INO,Healthcare
INZY,Healthcare
INSM,Healthcare
INSP,Healthcare
TIL,Healthcare
PODD,Healthcare
ITGR,Healthcare
IART,Healthcare
NTLA,Healthcare
ICPT,Healthcare
ITCI,Healthcare
ISRG,Healthcare
IVC,Healthcare
IVA,Healthcare
NVTA,Healthcare
NVIV,Healthcare
IOBT,Healthcare
IONS,Healthcare
IOVA,Healthcare
IQV,Healthcare
IRMD,Healthcare
IRTC,Healthcare
IRWD,Healthcare
ISO,Healthcare
ISR,Healthcare
ISPC,Healthcare
ITOS,Healthcare
ITRM,Healthcare
ISEE,Healthcare
JAGX,Healthcare
JANX,Healthcare
JSPR,Healthcare
JAZZ,Healthcare
JNJ,Healthcare
JNCE,Healthcare
DERM,Healthcare
JUPW,Healthcare
KALA,Healthcare
KALV,Healthcare
KMDA,Healthcare
KRTX,Healthcare
KPTI,Healthcare
KZIA,Healthcare
KMPH,Healthcare
KROS,Healthcare
KZR,Healthcare
KNSA,Healthcare
KNTE,Healthcare
KTRA,Healthcare
KPRX,Healthcare
KRBP,Healthcare
KOD,Healthcare
PHG,Healthcare
KRON,Healthcare
KRYS,Healthcare
KURA,Healthcare
KYMR,Healthcare
LH,Healthcare
LJPC,Healthcare
LABP,Healthcare
LCI,Healthcare
LTRN,Healthcare
LNTH,Healthcare
LRMR,Healthcare
LFLY,Healthcare
LPTX,Healthcare
LEGN,Healthcare
LMAT,Healthcare
LEXX,Healthcare
LXRX,Healthcare
LHCG,Healthcare
LIAN,Healthcare
LFMD,Healthcare
LFST,Healthcare
LGND,Healthcare
LMNL,Healthcare
LCTX,Healthcare
LPCN,Healthcare
LQDA,Healthcare
LIVN,Healthcare
LIXT,Healthcare
LOGC,Healthcare
LBPH,Healthcare
LGVN,Healthcare
LUCD,Healthcare
LHDX,Healthcare
LMDX,Healthcare
LYEL,Healthcare
LYRA,Healthcare
MGNX,Healthcare
MDGL,Healthcare
MGTA,Healthcare
MYNZ,Healthcare
MNKD,Healthcare
MRVI,Healthcare
MRNS,Healthcare
MRKR,Healthcare
MRAI,Healthcare
MASI,Healthcare
MTNB,Healthcare
MXCT,Healthcare
MCK,Healthcare
MDVL,Healthcare
MDNA,Healthcare
MNOV,Healthcare
MDGS,Healthcare
MDWD,Healthcare
MD,Healthcare
MEDP,Healthcare
MDT,Healthcare
MEIP,Healthcare
MGTX,Healthcare
MRK,Healthcare
MREO,Healthcare
VIVO,Healthcare
MMSI,Healthcare
MACK,Healthcare
MRSN,Healthcare
MRUS,Healthcare
MESO,Healthcare
MTCR,Healthcare
MTD,Healthcare
MBOT,Healthcare
MTP,Healthcare
MIST,Healthcare
MLSS,Healthcare
MDXG,Healthcare
MNMD,Healthcare
NERV,Healthcare
UTRS,Healthcare
INKT,Healthcare
MRTX,Healthcare
MIRM,Healthcare
MRNA,Healthcare
MODV,Healthcare
MODD,Healthcare
MOLN,Healthcare
MTEM,Healthcare
MBRX,Healthcare
MOH,Healthcare
GLUE,Healthcare
MORF,Healthcare
MOR,Healthcare
MOTS,Healthcare
MOVE,Healthcare
MTBC,Healthcare
MBIO,Healthcare
MYMD,Healthcare
MYO,Healthcare
MYOV,Healthcare
MYGN,Healthcare
NBRV,Healthcare
NSTG,Healthcare
NAOV,Healthcare
NNVC,Healthcare
NNOX,Healthcare
NH,Healthcare
NTRA,Healthcare
NHC,Healthcare
NRC,Healthcare
NTUS,Healthcare
NAUT,Healthcare
NAVB,Healthcare
NKTR,Healthcare
NEOG,Healthcare
NEO,Healthcare
NLTX,Healthcare
NVCN,Healthcare
NEPH,Healthcare
NEPT,Healthcare
NBSE,Healthcare
NRBO,Healthcare
NBIX,Healthcare
NURO,Healthcare
STIM,Healthcare
NMTC,Healthcare
NPCE,Healthcare
NRSN,Healthcare
NVRO,Healthcare
NXGL,Healthcare
NEXI,Healthcare
NXTC,Healthcare
NXGN,Healthcare
BIMI,Healthcare
NGM,Healthcare
NKTX,Healthcare
NLSP,Healthcare
NBY,Healthcare
NOVN,Healthcare
NVS,Healthcare
NVAX,Healthcare
NVCR,Healthcare
NVO,Healthcare
NRXP,Healthcare
NCNA,Healthcare
NRIX,Healthcare
NUTX,Healthcare
NTRB,Healthcare
NUVL,Healthcare
NUVA,Healthcare
NUVB,Healthcare
NVCT,Healthcare
NYMX,Healthcare
OSH,Healthcare
OBSV,Healthcare
OCGN,Healthcare
OCUL,Healthcare
OCUP,Healthcare
OKYO,Healthcare
OLMA,Healthcare
OLK,Healthcare
OMGA,Healthcare
OMER,Healthcare
OMCL,Healthcare
OCX,Healthcare
TOI,Healthcare
ONCY,Healthcare
ONTX,Healthcare
ONCR,Healthcare
ONCS,Healthcare
ONCT,Healthcare
OTRK,Healthcare
OPGN,Healthcare
OPNT,Healthcare
OPK,Healthcare
OPT,Healthcare
OPRX,Healthcare
OPTN,Healthcare
OPCH,Healthcare
OGEN,Healthcare
ORMP,Healthcare
OSUR,Healthcare
ORTX,Healthcare
OGI,Healthcare
ORGO,Healthcare
OGN,Healthcare
ONVO,Healthcare
ORGS,Healthcare
ORIC,Healthcare
OFIX,Healthcare
KIDS,Healthcare
OSCR,Healthcare
OTIC,Healthcare
OTLK,Healthcare
OM,Healthcare
OVID,Healthcare
OMI,Healthcare
OWLT,Healthcare
OYST,Healthcare
PIII,Healthcare
PACB,Healthcare
PCRX,Healthcare
PRFX,Healthcare
PTN,Healthcare
PALI,Healthcare
FNA,Healthcare
PRTK,Healthcare
PRDS,Healthcare
KTTA,Healthcare
PASG,Healthcare
PDCO,Healthcare
PAVM,Healthcare
PDSB,Healthcare
PEAR,Healthcare
PEN,Healthcare
PEPG,Healthcare
PKI,Healthcare
PRGO,Healthcare
PSNL,Healthcare
PETQ,Healthcare
PETS,Healthcare
PTPI,Healthcare
PETV,Healthcare
PFE,Healthcare
PMCB,Healthcare
PHVS,Healthcare
PHAS,Healthcare
PHAT,Healthcare
PAHC,Healthcare
PHIO,Healthcare
PHR,Healthcare
PIRS,Healthcare
PLRX,Healthcare
PSTI,Healthcare
PSTV,Healthcare
PLXP,Healthcare
PMVP,Healthcare
PNT,Healthcare
PTE,Healthcare
PYPD,Healthcare
PRTG,Healthcare
PSTX,Healthcare
PRAX,Healthcare
PGEN,Healthcare
PRPO,Healthcare
DTIL,Healthcare
POAI,Healthcare
PRLD,Healthcare
PINC,Healthcare
PBH,Healthcare
PRVA,Healthcare
PROC,Healthcare
PRCT,Healthcare
PDEX,Healthcare
PROF,Healthcare
PGNY,Healthcare
RXDX,Healthcare
PRPH,Healthcare
PRQR,Healthcare
PTGX,Healthcare
PLX,Healthcare
PRTA,Healthcare
PRVB,Healthcare
PTCT,Healthcare
PULM,Healthcare
LUNG,Healthcare
PLSE,Healthcare
PBYI,Healthcare
PPBT,Healthcare
PYXS,Healthcare
QGEN,Healthcare
QLGN,Healthcare
QTRX,Healthcare
QSI,Healthcare
DGX,Healthcare
QDEL,Healthcare
QIPT,Healthcare
QNRX,Healthcare
QTNT,Healthcare
RCM,Healthcare
RDUS,Healthcare
RDNT,Healthcare
RFL,Healthcare
RAIN,Healthcare
RLYB,Healthcare
RMED,Healthcare
RANI,Healthcare
RPID,Healthcare
RAPT,Healthcare
RETA,Healthcare
RXRX,Healthcare
RDHL,Healthcare
RGC,Healthcare
REGN,Healthcare
RGNX,Healthcare
RHE,Healthcare
RGLS,Healthcare
RLAY,Healthcare
RLMD,Healthcare
RNLX,Healthcare
RPHM,Healthcare
RCOR,Healthcare
RPTX,Healthcare
RGEN,Healthcare
REPL,Healthcare
KRMD,Healthcare
RSLS,Healthcare
RMD,Healthcare
RVP,Healthcare
RVNC,Healthcare
REVB,Healthcare
RVPH,Healthcare
RVMD,Healthcare
RWLK,Healthcare
RZLT,Healthcare
RYTM,Healthcare
RIGL,Healthcare
RAD,Healthcare
RCKT,Healthcare
RMTI,Healthcare
ROIV,Healthcare
RPRX,Healthcare
RUBY,Healthcare
RVLP,Healthcare
RXST,Healthcare
SABS,Healthcare
SAGE,Healthcare
SLRX,Healthcare
SANA,Healthcare
SMTI,Healthcare
SGMO,Healthcare
SNY,Healthcare
SRPT,Healthcare
STSA,Healthcare
SVRA,Healthcare
SRRK,Healthcare
SDGR,Healthcare
SNCE,Healthcare
SPRC,Healthcare
SCPS,Healthcare
SCPH,Healthcare
SCYX,Healthcare
SPNE,Healthcare
SGEN,Healthcare
EYES,Healthcare
SEEL,Healthcare
SEER,Healthcare
SELB,Healthcare
SEM,Healthcare
SLS,Healthcare
SMFR,Healthcare
SMLR,Healthcare
SNSE,Healthcare
SENS,Healthcare
SRTS,Healthcare
SNTI,Healthcare
SQL,Healthcare
SERA,Healthcare
MCRB,Healthcare
SESN,Healthcare
SHCR,Healthcare
STSS,Healthcare
STTK,Healthcare
SWAV,Healthcare
SIBN,Healthcare
SIEN,Healthcare
SRRA,Healthcare
SIGA,Healthcare
SGHT,Healthcare
SGTX,Healthcare
SGFY,Healthcare
SLN,Healthcare
SILK,Healthcare
SBTX,Healthcare
SSIC,Healthcare
SLP,Healthcare
OMIC,Healthcare
SINT,Healthcare
SIOX,Healthcare
SDC,Healthcare
SNN,Healthcare
SCTL,Healthcare
SLNO,Healthcare
SLDB,Healthcare
SNGX,Healthcare
SLGC,Healthcare
SONX,Healthcare
SNDA,Healthcare
SOPH,Healthcare
SRNE,Healthcare
SHC,Healthcare
SY,Healthcare
SPPI,Healthcare
SPRO,Healthcare
SPOK,Healthcare
SWTX,Healthcare
SPRB,Healthcare
SQZ,Healthcare
STAA,Healthcare
LAB,Healthcare
STRR,Healthcare
STAB,Healthcare
STXS,Healthcare
STE,Healthcare
STVN,Healthcare
STOK,Healthcare
STRM,Healthcare
SYK,Healthcare
SMMT,Healthcare
SNDL,Healthcare
SBFM,Healthcare
SUPN,Healthcare
SURF,Healthcare
SRGA,Healthcare
SGRY,Healthcare
SRDX,Healthcare
SRZN,Healthcare
STRO,Healthcare
SNPX,Healthcare
SNDX,Healthcare
SYNH,Healthcare
SYBX,Healthcare
SYN,Healthcare
SYRS,Healthcare
TTOO,Healthcare
TRHC,Healthcare
TCMD,Healthcare
TAK,Healthcare
TALS,Healthcare
TLIS,Healthcare
TALK,Healthcare
TNDM,Healthcare
TNGX,Healthcare
TARO,Healthcare
TARS,Healthcare
TSHA,Healthcare
TCRR,Healthcare
TELA,Healthcare
TDOC,Healthcare
TFX,Healthcare
TPST,Healthcare
TNYA,Healthcare
THC,Healthcare
TNON,Healthcare
TERN,Healthcare
TEVA,Healthcare
TFFP,Healthcare
TGTX,Healthcare
COO,Healthcare
ENSG,Healthcare
JYNT,Healthcare
TXMD,Healthcare
THTX,Healthcare
TBPH,Healthcare
TMO,Healthcare
THMO,Healthcare
THRX,Healthcare
TLRY,Healthcare
TMBR,Healthcare
TTNP,Healthcare
TIVC,Healthcare
TVTY,Healthcare
TNXP,Healthcare
TCON,Healthcare
RNAZ,Healthcare
TMDX,Healthcare
TVTX,Healthcare
TMCI,Healthcare
TRVN,Healthcare
TRVI,Healthcare
TCDA,Healthcare
TRIB,Healthcare
MEDS,Healthcare
TCRX,Healthcare
TPTX,Healthcare
TWST,Healthcare
TYME,Healthcare
TYRA,Healthcare
UFPT,Healthcare
RARE,Healthcare
UNCY,Healthcare
QURE,Healthcare
UNH,Healthcare
UTHR,Healthcare
UBX,Healthcare
UHS,Healthcare
UPC,Healthcare
UPH,Healthcare
URGN,Healthcare
USPH,Healthcare
UTMD,Healthcare
VCNX,Healthcare
VLON,Healthcare
VALN,Healthcare
VNDA,Healthcare
VAPO,Healthcare
VREX,Healthcare
VBLT,Healthcare
VXRT,Healthcare
PCVX,Healthcare
VAXX,Healthcare
VBIV,Healthcare
VECT,Healthcare
VEEV,Healthcare
VTYX,Healthcare
VERO,Healthcare
VCYT,Healthcare
VSTM,Healthcare
VERA,Healthcare
VCEL,Healthcare
VRNA,Healthcare
VRCA,Healthcare
VRTX,Healthcare
VERU,Healthcare
VERV,Healthcare
VTRS,Healthcare
RBOT,Healthcare
VMD,Healthcare
VRAY,Healthcare
VIGL,Healthcare
VKTX,Healthcare
VINC,Healthcare
VIRX,Healthcare
VIR,Healthcare
VRDN,Healthcare
VRPX,Healthcare
VTGN,Healthcare
VIVE,Healthcare
VVOS,Healthcare
VNRX,Healthcare
VOR,Healthcare
VYGR,Healthcare
VTVT,Healthcare
VYNT,Healthcare
VYNE,Healthcare
WBA,Healthcare
WRBY,Healthcare
WAT,Healthcare
WVE,Healthcare
HOWL,Healthcare
WST,Healthcare
WINT,Healthcare
XFOR,Healthcare
XBIT,Healthcare
XNCR,Healthcare
XBIO,Healthcare
XENE,Healthcare
XERS,Healthcare
XLO,Healthcare
XOMA,Healthcare
XRTX,Healthcare
XTNT,Healthcare
YMAB,Healthcare
YMTX,Healthcare
ZLAB,Healthcare
ZNTL,Healthcare
ZTEK,Healthcare
ZBH,Healthcare
ZIMV,Healthcare
ZIVO,Healthcare
ZTS,Healthcare
ZOM,Healthcare
ZYME,Healthcare
ZYNE,Healthcare
ZYXI,Healthcare
PNTG,Healthcare
MMM,Industrials
AZ,Industrials
AAON,Industrials
AIR,Industrials
ABB,Industrials
ABM,Industrials
ACTG,Industrials
ACCO,Industrials
EPAC,Industrials
AYI,Industrials
ADT,Industrials
WMS,Industrials
ADES,Industrials
AEIS,Industrials
ACM,Industrials
AER,Industrials
AERC,Industrials
AJRD,Industrials
AVAV,Industrials
ASLE,Industrials
AGCO,Industrials
AGFY,Industrials
AIRI,Industrials
AL,Industrials
AIRT,Industrials
ATSG,Industrials
ALG,Industrials
ALK,Industrials
ALJJ,Industrials
ATI,Industrials
ALGT,Industrials
ALLE,Industrials
APT,Industrials
ALPP,Industrials
ALTG,Industrials
AIMC,Industrials
UHAL,Industrials
AMRC,Industrials
AAL,Industrials
AMSC,Industrials
AME,Industrials
POWW,Industrials
AP,Industrials
AEHL,Industrials
AOS,Industrials
APG,Industrials
APOG,Industrials
AIT,Industrials
AQMS,Industrials
ARMK,Industrials
ARCB,Industrials
ARC,Industrials
ACHR,Industrials
ARNC,Industrials
ACA,Industrials
ASC,Industrials
AGX,Industrials
ARLO,Industrials
AWI,Industrials
APWC,Industrials
ASPN,Industrials
ASTE,Industrials
ASTR,Industrials
ATRO,Industrials
ASTC,Industrials
ATTO,Industrials
ATKR,Industrials
AAWW,Industrials
ATCX,Industrials
ADP,Industrials
AWX,Industrials
AVY,Industrials
CAR,Industrials
AXON,Industrials
AZEK,Industrials
AZUL,Industrials
AZZ,Industrials
BW,Industrials
BMI,Industrials
BLDP,Industrials
B,Industrials
BBSI,Industrials
BECN,Industrials
BGRY,Industrials
BEST,Industrials
BGSF,Industrials
BRDS,Industrials
NILE,Industrials
BLDE,Industrials
BLNK,Industrials
BE,Industrials
BXC,Industrials
BAH,Industrials
BWMN,Industrials
BRC,Industrials
BV,Industrials
BWEN,Industrials
BLDR,Industrials
BWXT,Industrials
BYRN,Industrials
CDRE,Industrials
CAE,Industrials
CSTE,Industrials
CNI,Industrials
CP,Industrials
CGRN,Industrials
CSL,Industrials
CRS,Industrials
CARR,Industrials
CWST,Industrials
CASS,Industrials
CTRM,Industrials
CAT,Industrials
CBAT,Industrials
CBZ,Industrials
CEAD,Industrials
CECE,Industrials
CHRA,Industrials
GTLS,Industrials
CEA,Industrials
ZNH,Industrials
CYD,Industrials
CHRW,Industrials
CTAS,Industrials
CIR,Industrials
CVEO,Industrials
CLH,Industrials
CLIR,Industrials
CNHI,Industrials
CODA,Industrials
CMCO,Industrials
FIX,Industrials
CODI,Industrials
CMPO,Industrials
CIX,Industrials
BBCP,Industrials
ROAD,Industrials
VLRS,Industrials
CPA,Industrials
CNM,Industrials
CNR,Industrials
CAAP,Industrials
CMRE,Industrials
CVLG,Industrials
CRAI,Industrials
CR,Industrials
CRESY,Industrials
CYRX,Industrials
CSWI,Industrials
CSX,Industrials
CMI,Industrials
CW,Industrials
CTOS,Industrials
CVV,Industrials
DAC,Industrials
DSKE,Industrials
DE,Industrials
DAL,Industrials
DHX,Industrials
DSX,Industrials
DGLY,Industrials
DSGR,Industrials
DLHC,Industrials
DCI,Industrials
DOV,Industrials
DPRO,Industrials
DCO,Industrials
DXPE,Industrials
DY,Industrials
EGLE,Industrials
KODK,Industrials
ETN,Industrials
EH,Industrials
ESLT,Industrials
ERJ,Industrials
EME,Industrials
EMR,Industrials
WIRE,Industrials
ENR,Industrials
ERII,Industrials
ESOA,Industrials
ENS,Industrials
NETI,Industrials
ENG,Industrials
EBF,Industrials
ENOV,Industrials
ENVX,Industrials
NPO,Industrials
EOSE,Industrials
EFX,Industrials
ESAB,Industrials
ESP,Industrials
GWH,Industrials
EDRY,Industrials
ESEA,Industrials
CLWT,Industrials
EVEX,Industrials
EVI,Industrials
EVLV,Industrials
AQUA,Industrials
EXPD,Industrials
XPON,Industrials
EXPO,Industrials
FAST,Industrials
FSS,Industrials
FDX,Industrials
FERG,Industrials
FA,Industrials
FPAY,Industrials
FLS,Industrials
FLR,Industrials
FLUX,Industrials
FORR,Industrials
FTAI,Industrials
FBHS,Industrials
FWRD,Industrials
FC,Industrials
FELE,Industrials
RAIL,Industrials
FREY,Industrials
ULCC,Industrials
FCN,Industrials
FCEL,Industrials
GTES,Industrials
GATX,Industrials
JOB,Industrials
GENC,Industrials
GNK,Industrials
GNRC,Industrials
GD,Industrials
GE,Industrials
GFL,Industrials
ROCK,Industrials
GIC,Industrials
GPN,Industrials
GSL,Industrials
GLBS,Industrials
GMS,Industrials
GOGL,Industrials
GOL,Industrials
GGG,Industrials
EAF,Industrials
GHM,Industrials
GVA,Industrials
GLDD,Industrials
GRNQ,Industrials
GFF,Industrials
GRIN,Industrials
OMAB,Industrials
PAC,Industrials
ASR,Industrials
GFAI,Industrials
GIFI,Industrials
GXO,Industrials
HSC,Industrials
HA,Industrials
HAYN,Industrials
HAYW,Industrials
HTLD,Industrials
HEES,Industrials
HEI.A,Industrials
HEI,Industrials
HSII,Industrials
HLIO,Industrials
HRI,Industrials
HCCI,Industrials
HTZ,Industrials
HXL,Industrials
HI,Industrials
HLMN,Industrials
HQI,Industrials
HRT,Industrials
HNI,Industrials
HOLI,Industrials
HON,Industrials
HWM,Industrials
HUBB,Industrials
HUBG,Industrials
HSON,Industrials
HII,Industrials
HURC,Industrials
HURN,Industrials
HYFM,Industrials
HYRE,Industrials
HY,Industrials
IAA,Industrials
ICFI,Industrials
IPWR,Industrials
IDEX,Industrials
IEX,Industrials
IESC,Industrials
ITW,Industrials
IGC,Industrials
IEA,Industrials
IR,Industrials
VATE,Industrials
ISSC,Industrials
NSP,Industrials
IBP,Industrials
IIIN,Industrials
IVAC,Industrials
IRS,Industrials
ITT,Industrials
IVDA,Industrials
J,Industrials
JAN,Industrials
JBI,Industrials
JBHT,Industrials
JCSE,Industrials
JELD,Industrials
JBLU,Industrials
JOBY,Industrials
JBT,Industrials
JCI,Industrials
KAI,Industrials
KAMN,Industrials
BZ,Industrials
KBR,Industrials
KELYA,Industrials
KMT,Industrials
KFRC,Industrials
KE,Industrials
KEX,Industrials
KSCP,Industrials
KNX,Industrials
KFY,Industrials
KRNT,Industrials
KTOS,Industrials
LHX,Industrials
LSTR,Industrials
SWIM,Industrials
FSTR,Industrials
LZ,Industrials
LII,Industrials
LICY,Industrials
LTBR,Industrials
ZEV,Industrials
LILM,Industrials
LMB,Industrials
LECO,Industrials
LNN,Industrials
LEV,Industrials
LIQT,Industrials
LMT,Industrials
LGMK,Industrials
LPX,Industrials
LXFR,Industrials
TUSK,Industrials
MNTX,Industrials
MAN,Industrials
MRTN,Industrials
MAS,Industrials
DOOR,Industrials
MHH,Industrials
MTZ,Industrials
MTRX,Industrials
MATX,Industrials
MATW,Industrials
MMS,Industrials
MEC,Industrials
MGRC,Industrials
MDU,Industrials
MTMT,Industrials
MRCY,Industrials
MESA,Industrials
MVST,Industrials
MIR,Industrials
MG,Industrials
MNTS,Industrials
MEG,Industrials
MOG.A,Industrials
MSA,Industrials
MSM,Industrials
MLI,Industrials
MWA,Industrials
MYRG,Industrials
NSSC,Industrials
NPK,Industrials
NM,Industrials
NLSN,Industrials
NKLA,Industrials
NL,Industrials
NNBR,Industrials
NAT,Industrials
NDSN,Industrials
NSC,Industrials
NOC,Industrials
NWPX,Industrials
NVX,Industrials
NVEE,Industrials
NVT,Industrials
OBCI,Industrials
OP,Industrials
OPTT,Industrials
OMEX,Industrials
ODFL,Industrials
OFLX,Industrials
OESX,Industrials
ORN,Industrials
OSK,Industrials
OTIS,Industrials
OC,Industrials
PCAR,Industrials
PTSI,Industrials
PANL,Industrials
PKE,Industrials
PH,Industrials
PKOH,Industrials
PSN,Industrials
PATI,Industrials
PAYX,Industrials
PNR,Industrials
PSHG,Industrials
PFMT,Industrials
PESI,Industrials
PPIH,Industrials
PFIN,Industrials
PFSW,Industrials
PGTI,Industrials
PPSI,Industrials
PBI,Industrials
PL,Industrials
PLUG,Industrials
POWL,Industrials
PLPC,Industrials
PRIM,Industrials
IPDN,Industrials
PRG,Industrials
PRLB,Industrials
PCT,Industrials
PXS,Industrials
QUAD,Industrials
NX,Industrials
PWR,Industrials
QRHC,Industrials
RADA,Industrials
RLGT,Industrials
RTX,Industrials
ROLL,Industrials
RCMT,Industrials
RCRT,Industrials
RDW,Industrials
RRX,Industrials
RCII,Industrials
RSG,Industrials
REZI,Industrials
RGP,Industrials
REVG,Industrials
RBA,Industrials
RHI,Industrials
RKLB,Industrials
ROK,Industrials
ROP,Industrials
RYAAY,Industrials
R,Industrials
RYI,Industrials
SB,Industrials
SAIA,Industrials
SNDR,Industrials
SEB,Industrials
SMHI,Industrials
SHIP,Industrials
SGBX,Industrials
SHPW,Industrials
SMED,Industrials
PIXY,Industrials
SFL,Industrials
SHYF,Industrials
SIDU,Industrials
SSD,Industrials
SGLY,Industrials
SITE,Industrials
SKYH,Industrials
SKYW,Industrials
SWBI,Industrials
SNA,Industrials
SLDP,Industrials
LUV,Industrials
SGRP,Industrials
SPIR,Industrials
SPR,Industrials
SAVE,Industrials
SP,Industrials
SPXC,Industrials
STAF,Industrials
SXI,Industrials
SWK,Industrials
STN,Industrials
SBLK,Industrials
GASS,Industrials
SCS,Industrials
SRCL,Industrials
STRL,Industrials
RGR,Industrials
SNCY,Industrials
SPCB,Industrials
SST,Industrials
TH,Industrials
TAYD,Industrials
TDCX,Industrials
TISI,Industrials
TRC,Industrials
TNC,Industrials
TEX,Industrials
LLAP,Industrials
TTEK,Industrials
TGH,Industrials
TXT,Industrials
TFII,Industrials
BA,Industrials
BCO,Industrials
EML,Industrials
GRC,Industrials
GBX,Industrials
SCX,Industrials
MTW,Industrials
MIDD,Industrials
THR,Industrials
TKR,Industrials
TTC,Industrials
TRI,Industrials
TWI,Industrials
TITN,Industrials
TOMZ,Industrials
BLD,Industrials
TBLT,Industrials
TPIC,Industrials
TT,Industrials
TRNS,Industrials
TDG,Industrials
TRU,Industrials
TG,Industrials
TREX,Industrials
TRS,Industrials
TNET,Industrials
TRN,Industrials
DCFC,Industrials
TRTN,Industrials
TGI,Industrials
TBI,Industrials
TSP,Industrials
TPC,Industrials
TWIN,Industrials
UNF,Industrials
UNP,Industrials
UAL,Industrials
UPS,Industrials
URI,Industrials
ULH,Industrials
UUU,Industrials
UPWK,Industrials
UGRO,Industrials
USAK,Industrials
USX,Industrials
VMI,Industrials
VEC,Industrials
VRME,Industrials
VRSK,Industrials
VRTV,Industrials
VRRM,Industrials
EVTL,Industrials
VRT,Industrials
VVI,Industrials
VIEW,Industrials
SPCE,Industrials
VORB,Industrials
VTSI,Industrials
VVNT,Industrials
VSEC,Industrials
WNC,Industrials
WAB,Industrials
WCN,Industrials
WM,Industrials
WSO,Industrials
WTS,Industrials
WBT,Industrials
WERN,Industrials
WCC,Industrials
UP,Industrials
WLDN,Industrials
WLFC,Industrials
WSC,Industrials
WWD,Industrials
WOR,Industrials
GWW,Industrials
XMTR,Industrials
XOS,Industrials
XPO,Industrials
XYL,Industrials
YELL,Industrials
ZIM,Industrials
ZIP,Industrials
ZTO,Industrials
ZWS,Industrials
VNET,Technology
DDD,Technology
EGHT,Technology
ATEN,Technology
ABST,Technology
ACN,Technology
ACIW,Technology
ACMR,Technology
ACVA,Technology
ADBE,Technology
ADTN,Technology
AMD,Technology
AEHR,Technology
AFRM,Technology
UAVS,Technology
AGIL,Technology
AGYS,Technology
API,Technology
AIRG,Technology
AKAM,Technology
AKTS,Technology
ALRM,Technology
ALF,Technology
ALIT,Technology
ALYA,Technology
ALKT,Technology
ALGM,Technology
AMOT,Technology
ALLT,Technology
AOSL,Technology
ALTR,Technology
AYX,Technology
AMBA,Technology
DOX,Technology
AMSWA,Technology
AVCT,Technology
AMST,Technology
AMKR,Technology
APH,Technology
AMPG,Technology
AMPL,Technology
ASYS,Technology
ADI,Technology
ANSS,Technology
APPF,Technology
APPN,Technology
AAPL,Technology
AMAT,Technology
AAOI,Technology
APP,Technology
APCX,Technology
ARBE,Technology
ANET,Technology
ARQQ,Technology
ARRY,Technology
ARW,Technology
AIP,Technology
ASAN,Technology
ASX,Technology
ASGN,Technology
ASML,Technology
AZPN,Technology
ALOT,Technology
ASUR,Technology
TEAM,Technology
ATOM,Technology
ATC,Technology
AUDC,Technology
AEYE,Technology
AUR,Technology
JG,Technology
ADSK,Technology
AVLR,Technology
AVYA,Technology
AVPT,Technology
AVNW,Technology
AVDX,Technology
AVT,Technology
ACLS,Technology
AXTI,Technology
BLZE,Technology
BKKT,Technology
BAND,Technology
GLG,Technology
BEEM,Technology
BDC,Technology
BELFB,Technology
BHE,Technology
BNFT,Technology
BSY,Technology
BBAI,Technology
BIGC,Technology
BILL,Technology
BTCM,Technology
BKTI,Technology
BLKB,Technology
BB,Technology
BLBX,Technology
BKI,Technology
BL,Technology
BKSY,Technology
BLND,Technology
BDR,Technology
BMTX,Technology
BRQS,Technology
BOX,Technology
BOXL,Technology
BRZE,Technology
BLIN,Technology
BCOV,Technology
AVGO,Technology
BR,Technology
BSQR,Technology
BTRS,Technology
BMBL,Technology
AI,Technology
CCMP,Technology
CACI,Technology
CDNS,Technology
CAMP,Technology
CALX,Technology
CMBM,Technology
CAMT,Technology
CAN,Technology
CSIQ,Technology
CAJ,Technology
CTLP,Technology
CASA,Technology
CZOO,Technology
CCCS,Technology
CDK,Technology
CDW,Technology
CLS,Technology
CLBT,Technology
CETX,Technology
CPTN,Technology
CRNT,Technology
CISO,Technology
CRNC,Technology
CDAY,Technology
CEVA,Technology
GIB,Technology
ECOM,Technology
CRGE,Technology
CHKP,Technology
CD,Technology
IMOS,Technology
CIEN,Technology
CRUS,Technology
CSCO,Technology
CINT,Technology
CTXS,Technology
CLVT,Technology
CLSK,Technology
CLFD,Technology
CLRO,Technology
YOU,Technology
CWAN,Technology
RAAS,Technology
NET,Technology
CGNX,Technology
CTSH,Technology
CGNT,Technology
COHR,Technology
COHU,Technology
COIN,Technology
COMM,Technology
CVLT,Technology
COMP,Technology
CTG,Technology
CMTL,Technology
CNXC,Technology
CNDT,Technology
CFLT,Technology
CCSI,Technology
CCRD,Technology
CORZ,Technology
GLW,Technology
CRSR,Technology
BASE,Technology
COUP,Technology
CPSH,Technology
CREX,Technology
CRDO,Technology
CRCT,Technology
CRWD,Technology
LAW,Technology
CSGS,Technology
CSPI,Technology
CTS,Technology
CUEN,Technology
CVT,Technology
CYBR,Technology
CYBE,Technology
CTEK,Technology
CYN,Technology
CYRN,Technology
CYXT,Technology
DJCO,Technology
DAKT,Technology
DQ,Technology
DZSI,Technology
DDOG,Technology
DAIO,Technology
DTSS,Technology
DTST,Technology
DATS,Technology
DAVE,Technology
DPSI,Technology
DELL,Technology
DM,Technology
DSWL,Technology
DBD,Technology
DGII,Technology
DMRC,Technology
DOCN,Technology
APPS,Technology
DIOD,Technology
DLO,Technology
DCBO,Technology
DOCU,Technology
DLB,Technology
DOMO,Technology
DV,Technology
DBX,Technology
DCT,Technology
DUOL,Technology
DUOT,Technology
DXC,Technology
DT,Technology
ETWO,Technology
EBON,Technology
EBIX,Technology
SATS,Technology
EGAN,Technology
ESTC,Technology
ELSE,Technology
EMAN,Technology
EMBK,Technology
EMKR,Technology
DAVA,Technology
WATT,Technology
ENFN,Technology
ESMT,Technology
ENPH,Technology
ENTG,Technology
ENV,Technology
EPAM,Technology
PLUS,Technology
ESE,Technology
EEFT,Technology
EB,Technology
EVBG,Technology
EVCM,Technology
MRAM,Technology
EVTC,Technology
EVOP,Technology
XELA,Technology
EXLS,Technology
EXFY,Technology
EXTR,Technology
EZFL,Technology
FFIV,Technology
FN,Technology
FICO,Technology
FARO,Technology
FSLY,Technology
FSRD,Technology
FATH,Technology
FIS,Technology
FSLR,Technology
FISV,Technology
FIVN,Technology
FLT,Technology
FLEX,Technology
FLYW,Technology
FCUV,Technology
FRGE,Technology
FORG,Technology
FORM,Technology
FTNT,Technology
FTV,Technology
FRSH,Technology
FTCI,Technology
YMM,Technology
FTFT,Technology
GRMN,Technology
IT,Technology
GDS,Technology
G,Technology
GILT,Technology
GTLB,Technology
VRAR,Technology
GB,Technology
GBTG,Technology
GFS,Technology
GLOB,Technology
GDDY,Technology
GPRO,Technology
GBOX,Technology
GDYN,Technology
GVP,Technology
GSIT,Technology
GTYH,Technology
GWRE,Technology
HLIT,Technology
HCP,Technology
HTCR,Technology
HPE,Technology
HIMX,Technology
HPQ,Technology
HUBS,Technology
IIIV,Technology
IBEX,Technology
ICHR,Technology
INVE,Technology
IDBA,Technology
IIVI,Technology
IMMR,Technology
PI,Technology
INDI,Technology
INFN,Technology
IFBD,Technology
INFA,Technology
III,Technology
INFY,Technology
INOD,Technology
INPX,Technology
INSG,Technology
NSIT,Technology
INST,Technology
INTA,Technology
IMTE,Technology
INTC,Technology
IDN,Technology
LINK,Technology
IBM,Technology
IMXI,Technology
INTT,Technology
INTZ,Technology
INTU,Technology
IONQ,Technology
IPGP,Technology
AUID,Technology
IRNT,Technology
IS,Technology
ISDR,Technology
ISUN,Technology
ITI,Technology
ITRI,Technology
ITRN,Technology
JBL,Technology
JKHY,Technology
FROG,Technology
JKS,Technology
JNPR,Technology
KLR,Technology
KLTR,Technology
KARO,Technology
KSPN,Technology
KPLT,Technology
KEYS,Technology
KC,Technology
KLAC,Technology
KNBE,Technology
KN,Technology
KOPN,Technology
KOSS,Technology
KBNT,Technology
KLIC,Technology
KULR,Technology
KVHI,Technology
KD,Technology
LRCX,Technology
LTRX,Technology
LTCH,Technology
LSCC,Technology
LDOS,Technology
LPL,Technology
LPTH,Technology
LSPD,Technology
LFUS,Technology
LPSN,Technology
RAMP,Technology
LVOX,Technology
LOGI,Technology
LYLT,Technology
GNSS,Technology
LYTS,Technology
LITE,Technology
LUNA,Technology
LYFT,Technology
LYT,Technology
MTSI,Technology
MGIC,Technology
MX,Technology
MNDT,Technology
MANH,Technology
MANT,Technology
MRIN,Technology
MTEK,Technology
MKTW,Technology
MKFG,Technology
MQ,Technology
MRVL,Technology
MTLS,Technology
MTTR,Technology
MAXR,Technology
MAXN,Technology
MXL,Technology
MLNK,Technology
MLAB,Technology
MMAT,Technology
MEI,Technology
MCHP,Technology
MFGP,Technology
MU,Technology
MSFT,Technology
MSTR,Technology
MVIS,Technology
MICT,Technology
MNDO,Technology
MIND,Technology
MITK,Technology
MIXT,Technology
MKSI,Technology
MODN,Technology
MOGO,Technology
MNTV,Technology
MNDY,Technology
ML,Technology
MDB,Technology
MPWR,Technology
MSI,Technology
MITQ,Technology
MYNA,Technology
MYSZ,Technology
NABL,Technology
NNDM,Technology
NATI,Technology
NVTS,Technology
NCNO,Technology
NCR,Technology
NEON,Technology
NPTN,Technology
NRDY,Technology
NTAP,Technology
NTGR,Technology
NTCT,Technology
NTWK,Technology
NEWR,Technology
NXPL,Technology
NXTP,Technology
NICE,Technology
LASR,Technology
NOK,Technology
NSYS,Technology
NLOK,Technology
NVMI,Technology
NOVT,Technology
NTNX,Technology
NVEI,Technology
NVEC,Technology
NVDA,Technology
NXPI,Technology
OIIM,Technology
OBLG,Technology
OKTA,Technology
OLB,Technology
OLO,Technology
ONTF,Technology
ONDS,Technology
OCFT,Technology
OSPN,Technology
OSS,Technology
ON,Technology
ONTO,Technology
OTEX,Technology
OPFI,Technology
OCC,Technology
ORCL,Technology
OSIS,Technology
OTMO,Technology
OUST,Technology
PD,Technology
PAGS,Technology
PLTR,Technology
PANW,Technology
PALT,Technology
PCYG,Technology
PAR,Technology
PAYA,Technology
PAYC,Technology
PYCR,Technology
PCTY,Technology
PAY,Technology
PAYO,Technology
PSFE,Technology
PAYS,Technology
CNXN,Technology
PCTI,Technology
PDFS,Technology
PEGA,Technology
PRSO,Technology
PRFT,Technology
PLAB,Technology
PHUN,Technology
PEGY,Technology
PING,Technology
PXLW,Technology
POLY,Technology
PLXS,Technology
PRCH,Technology
PBTS,Technology
POWI,Technology
PWSC,Technology
PRTH,Technology
PCOR,Technology
PRGS,Technology
PRO,Technology
PTC,Technology
PUBM,Technology
PSTG,Technology
QTWO,Technology
QRVO,Technology
QCOM,Technology
XM,Technology
QLYS,Technology
QNGY,Technology
QUBT,Technology
QMCO,Technology
QUIK,Technology
RXT,Technology
RDWR,Technology
RMBS,Technology
RPD,Technology
RCAT,Technology
RDVT,Technology
REKR,Technology
MARK,Technology
RELY,Technology
SOL,Technology
RENN,Technology
RPAY,Technology
REFR,Technology
RELL,Technology
RGTI,Technology
RMNI,Technology
RNG,Technology
RIOT,Technology
RSKD,Technology
HOOD,Technology
RKLY,Technology
ROG,Technology
RBCN,Technology
SAIL,Technology
CRM,Technology
IOT,Technology
SANG,Technology
SANM,Technology
SPNS,Technology
SAP,Technology
STRC,Technology
SATL,Technology
SVRE,Technology
SCSC,Technology
SAIC,Technology
SEAC,Technology
STX,Technology
SCWX,Technology
LEDS,Technology
SEMR,Technology
SMTC,Technology
ST,Technology
S,Technology
NOW,Technology
SREV,Technology
FOUR,Technology
SHLS,Technology
SHOP,Technology
SSTI,Technology
SWIR,Technology
SASI,Technology
SGMA,Technology
SILC,Technology
SLAB,Technology
SIMO,Technology
SSNT,Technology
MICS,Technology
SITM,Technology
SYTA,Technology
SKYT,Technology
SWKS,Technology
SGH,Technology
SMAR,Technology
SMSI,Technology
SNPO,Technology
SNOW,Technology
SOBR,Technology
SOPA,Technology
SCKT,Technology
SEDG,Technology
SWI,Technology
SLNH,Technology
SONM,Technology
SONO,Technology
SOTK,Technology
SONY,Technology
SOS,Technology
SOUN,Technology
ANY,Technology
SPI,Technology
SPLK,Technology
SRAD,Technology
CXM,Technology
SPT,Technology
SPSC,Technology
SKYX,Technology
SQ,Technology
SQSP,Technology
SSNC,Technology
SRT,Technology
SMRT,Technology
STEM,Technology
STER,Technology
STM,Technology
STNE,Technology
SSYS,Technology
WISA,Technology
SUMO,Technology
NOVA,Technology
SPWR,Technology
RUN,Technology
SUNW,Technology
SMCI,Technology
SURG,Technology
SWCH,Technology
SWVL,Technology
SYNA,Technology
SNCR,Technology
SNX,Technology
SNPS,Technology
TAIT,Technology
TSM,Technology
TAOP,Technology
TASK,Technology
TEL,Technology
TDY,Technology
ERIC,Technology
TSAT,Technology
TLS,Technology
TIXT,Technology
TENB,Technology
TDC,Technology
TER,Technology
TESS,Technology
TXN,Technology
DSGX,Technology
HCKT,Technology
LGL,Technology
TTD,Technology
TWKS,Technology
TOST,Technology
TSEM,Technology
TACT,Technology
TGAN,Technology
TRMB,Technology
TROO,Technology
IDAI,Technology
TTEC,Technology
TTMI,Technology
TCX,Technology
TUFN,Technology
HEAR,Technology
TUYA,Technology
TYL,Technology
UBER,Technology
UI,Technology
PATH,Technology
UCTT,Technology
UIS,Technology
UMC,Technology
U,Technology
OLED,Technology
UEIC,Technology
UPLD,Technology
USER,Technology
UTME,Technology
VCSA,Technology
VLN,Technology
VRNS,Technology
VECO,Technology
VLD,Technology
VLDR,Technology
VERB,Technology
VRNT,Technology
VRSN,Technology
VERI,Technology
VERX,Technology
DSP,Technology
VIAO,Technology
VSAT,Technology
VIAV,Technology
VICR,Technology
VMEO,Technology
VQS,Technology
VHC,Technology
VSH,Technology
VPG,Technology
VISL,Technology
VVPR,Technology
VZIO,Technology
VMW,Technology
VNT,Technology
VOXX,Technology
VTEX,Technology
VUZI,Technology
WTRH,Technology
WKME,Technology
WBX,Technology
WAVD,Technology
WSTG,Technology
WEAV,Technology
WEJO,Technology
WDC,Technology
WEX,Technology
WFCF,Technology
WYY,Technology
WIT,Technology
WTT,Technology
WKEY,Technology
WIX,Technology
MAPS,Technology
WNS,Technology
WOLF,Technology
WDAY,Technology
WK,Technology
WRAP,Technology
XRX,Technology
XPER,Technology
YALA,Technology
YEXT,Technology
DAO,Technology
ZBRA,Technology
ZEN,Technology
ZENV,Technology
ZEPP,Technology
ZETA,Technology
ZI,Technology
ZM,Technology
ZS,Technology
ZUO,Technology
PWFL,Technology
ADN,Utilities
AQN,Utilities
ALE,Utilities
LNT,Utilities
AMPS,Utilities
AEE,Utilities
AEP,Utilities
AWR,Utilities
AWK,Utilities
LFG,Utilities
ARIS,Utilities
ARTNA,Utilities
AY,Utilities
ATO,Utilities
AGR,Utilities
AVA,Utilities
AZRE,Utilities
BKH,Utilities
BIPC,Utilities
BEPC,Utilities
CDZI,Utilities
CWT,Utilities
CNP,Utilities
EBR.B,Utilities
EBR,Utilities
CEPU,Utilities
CPK,Utilities
CREG,Utilities
CWEN,Utilities
CWEN.A,Utilities
CMS,Utilities
SBS,Utilities
CIG,Utilities
CIG.C,Utilities
ELP,Utilities
ED,Utilities
CWCO,Utilities
CEG,Utilities
D,Utilities
DTE,Utilities
DUK,Utilities
EIX,Utilities
EE,Utilities
ENIC,Utilities
NRGV,Utilities
ETR,Utilities
WTRG,Utilities
EVRG,Utilities
ES,Utilities
EXC,Utilities
FE,Utilities
FLNC,Utilities
FTS,Utilities
HTOO,Utilities
GNE,Utilities
GWRS,Utilities
HE,Utilities
HLGN,Utilities
HNP,Utilities
IDA,Utilities
KEN,Utilities
KEP,Utilities
MGEE,Utilities
MSEX,Utilities
MNTK,Utilities
NGG,Utilities
NFE,Utilities
NJR,Utilities
NEE,Utilities
NI,Utilities
NWE,Utilities
NWN,Utilities
NRG,Utilities
SMR,Utilities
OGE,Utilities
OGS,Utilities
OEG,Utilities
ORA,Utilities
OTTR,Utilities
PAM,Utilities
PCG,Utilities
PNW,Utilities
PNM,Utilities
POR,Utilities
PPL,Utilities
PEG,Utilities
PCYO,Utilities
RNW,Utilities
RGCO,Utilities
SRE,Utilities
STR,Utilities
SJW,Utilities
SJI,Utilities
SWX,Utilities
SR,Utilities
AES,Utilities
SO,Utilities
YORW,Utilities
TAC,Utilities
UGI,Utilities
UTL,Utilities
VIA,Utilities
VST,Utilities
WEC,Utilities
XEL,Utilities
